ID,Tipo,SKU,"GTIN, UPC, EAN o ISBN",Nombre,Publicado,"¿Está destacado?","Visibilidad en el catálogo","Descripción corta",Descripción,"Día en que empieza el precio rebajado","Día en que termina el precio rebajado","Estado del impuesto","Clase de impuesto",¿Existencias?,Inventario,"Cantidad de bajo inventario","¿Permitir reservas de productos agotados?","¿Vendido individualmente?","Peso (kg)","Longitud (cm)","Anchura (cm)","Altura (cm)","¿Permitir valoraciones de clientes?","Nota de compra","Precio rebajado","Precio normal",Categorías,Etiquetas,"Clase de envío",Imágenes,"Límite de descargas","Días de caducidad de la descarga",Superior,"Productos agrupados","Ventas dirigidas","Ventas cruzadas","URL externa","Texto del botón",Posición,Marcas,"Nombre del atributo 1","Valor(es) del atributo 1","Atributo visible 1","Atributo global 1","Nombre del atributo 2","Valor(es) del atributo 2","Atributo visible 2","Atributo global 2","Nombre del atributo 3","Valor(es) del atributo 3","Atributo visible 3","Atributo global 3","Nombre del atributo 4","Valor(es) del atributo 4","Atributo visible 4","Atributo global 4","Nombre del atributo 5","Valor(es) del atributo 5","Atributo visible 5","Atributo global 5","Nombre del atributo 6","Valor(es) del atributo 6","Atributo visible 6","Atributo global 6","Nombre del atributo 7","Valor(es) del atributo 7","Atributo visible 7","Atributo global 7","Nombre del atributo 8","Valor(es) del atributo 8","Atributo visible 8","Atributo global 8","Nombre del atributo 9","Valor(es) del atributo 9","Atributo visible 9","Atributo global 9","Nombre del atributo 10","Valor(es) del atributo 10","Atributo visible 10","Atributo global 10","Nombre del atributo 11","Valor(es) del atributo 11","Atributo visible 11","Atributo global 11","Nombre del atributo 12","Valor(es) del atributo 12","Atributo visible 12","Atributo global 12","Nombre del atributo 13","Valor(es) del atributo 13","Atributo visible 13","Atributo global 13","Nombre del atributo 14","Valor(es) del atributo 14","Atributo visible 14","Atributo global 14"
319,simple,,,"Departamento Monoambiente| Costanera 1900, Piso 2 | San Bernardo Del Tuyu",1,1,visible,,"<p style=""text-align: left;"">Departamento Monoambiente muy cómodo Frente al Mar.</p>\n<p style=""text-align: left;"">Excelente Departamento monoambiente frente a la playa y a 1 cuadra del Centro Comercial de San Bernardo, ubicado en 2° Piso Por escalera. Posee cocina comedor, dormitorio y baño.</p>\n<p style=""text-align: left;"">SE VENDE TOTALMENTE AMOBLADO Y SU ESTADO ES IMPECABLE.</p>\n<strong>AVISO LEGAL</strong>: las características descriptas del inmueble publicado, calidades y cualidades constructivas y funcionales, valores de expensas, impuestos y servicios, medidas y superficies, son aproximados y consignadas en base a datos que fueron proporcionados por el propietario y que pueden no ser exactos y/o no estar actualizados, pudiendo surgir discrepancias con los datos que surgen de la documentación respectiva. Las medidas y superficies exactas son las que surgen de los títulos y planos legales del inmueble. Las imágenes publicadas lo son al mero efecto orientativo de las características generales y circunstancias del inmueble en el momento en que han sido tomadas, pudiendo las mismas diferir del estado y circunstancias actuales. Asimismo, los mobiliarios, accesorios, elementos, etc., que se visualicen en las imágenes publicadas, no integran la oferta de venta. En todos los casos el interesado deberá realizar una visita al inmueble y efectuar las verificaciones previamente a la realización de cualquier operación, requiriendo la documentación que corresponda. (Venta supeditada al cumplimiento por parte del propietario de los requisitos de la resolución general Nº 2371 de la AFIP (pedido de COTI)).\n<strong>ROMAN MININI Tomo III F° 359 Matrícula 1057 C.M.D</strong>",,,taxable,,1,,,0,0,,,,,0,,,,Venta,,,"https://administracionminini.com/wp-content/uploads/2020/08/Costanera-1900a-min.jpg, https://administracionminini.com/wp-content/uploads/2020/08/Costanera-1900b-min.jpg, https://administracionminini.com/wp-content/uploads/2020/08/Costanera-1900d-min.jpg, https://administracionminini.com/wp-content/uploads/2020/08/Costanera-1900e-min.jpg, https://administracionminini.com/wp-content/uploads/2020/08/Costanera-1900f-min.jpg, https://administracionminini.com/wp-content/uploads/2020/08/Costanera-1900g-min.jpg, https://administracionminini.com/wp-content/uploads/2020/08/Costanera-1900h-min.jpg, https://administracionminini.com/wp-content/uploads/2020/08/Costanera-1900j-min.jpg, https://administracionminini.com/wp-content/uploads/2020/08/Costanera-1900k-min.jpg",,,,,,,,,0,,Ambientes,"Baño, Dormitorio",1,1,"Apto Crédito",No,1,1,Baños,1,1,1,"Cantidad de ambientes",1,1,1,Dormitorios,1,1,1,"Estado de Propiedad",Excelente,1,1,Generales,"Amoblado, Pavimento, Termotanque",1,1,Moneda,USD,1,1,Operación,Venta,1,1,Propiedad,Departamento,1,1,"Seguro de Caución",No,1,1,Servicios,"Agua corriente, Calefacción, Electricidad, Teléfono",1,1,Localidades,"San Bernardo",1,1,"Venta en Dolares","Hasta 50.000",1,1
827,simple,,,"Departamento | La Rioja 2435 | San Bernardo",1,0,visible,,"&nbsp;\n\n<strong>Departamento 3 ambientes con Cochera Cubierta cerca del Mar.</strong>\n<div id=""text-responsive-ficha"" class=""hideContent"">\n\nUbicado a 2 cuadras del mar y 3 del centro comercial, en 2° piso por escalera encontramos este departamento de 3 ambientes con Cochera Cubierta Y Baulera en excelente estado.\nEl mismo cuenta con cocina-comedor, baño y 2 dormitorios de los cuales uno posee balcón al contra-frente, se vende totalmente amoblado.\nPERMUTA POR DPTO EN MAR DEL PLATA!!\nESCUCHAMOS OFERTAS.\nCONSULTANOS!!!\n\nSuperficie:\n- Superficie total: 45 m2\n\n&nbsp;\n\n<strong>AVISO LEGAL</strong>: las características descriptas del inmueble publicado, calidades y cualidades constructivas y funcionales, valores de expensas, impuestos y servicios, medidas y superficies, son aproximados y consignadas en base a datos que fueron proporcionados por el propietario y que pueden no ser exactos y/o no estar actualizados, pudiendo surgir discrepancias con los datos que surgen de la documentación respectiva. Las medidas y superficies exactas son las que surgen de los títulos y planos legales del inmueble. Las imágenes publicadas lo son al mero efecto orientativo de las características generales y circunstancias del inmueble en el momento en que han sido tomadas, pudiendo las mismas diferir del estado y circunstancias actuales. Asimismo, los mobiliarios, accesorios, elementos, etc., que se visualicen en las imágenes publicadas, no integran la oferta de venta. En todos los casos el interesado deberá realizar una visita al inmueble y efectuar las verificaciones previamente a la realización de cualquier operación, requiriendo la documentación que corresponda. (Venta supeditada al cumplimiento por parte del propietario de los requisitos de la resolución general Nº 2371 de la AFIP (pedido de COTI)).\n\n</div>\n<strong>ROMAN MININI Tomo III F° 359 Matrícula 1057 C.M.D</strong>",,,taxable,,1,,,0,0,,,,,0,,,,Venta,,,"https://administracionminini.com/wp-content/uploads/2020/10/232.jpg, https://administracionminini.com/wp-content/uploads/2020/10/233.jpg, https://administracionminini.com/wp-content/uploads/2020/10/26.jpg",,,,,,,,,0,,Ambientes,"Balcon, Baño, Cocina-comedor, Dormitorio, Garage",1,1,Baños,1,1,1,Dormitorios,2,1,1,"Estado de Propiedad","Muy bueno",1,1,Generales,"Amoblado, Calefon, Pavimento, Termotanque",1,1,Localidades,"San Bernardo",1,1,Moneda,USD,1,1,Operación,Venta,1,1,Propiedad,Departamento,1,1,Servicios,"Agua corriente, Electricidad, Seguridad, Teléfono",1,1,"Venta en Dolares","50.000 a 100.000",1,1,,,,,,,,,,,,
873,simple,,,"Local | Libertador 2119 | Mar De Ajo",1,0,visible,,"<strong>Local Comercial En Mar De Ajó.</strong>\n<div id=""text-responsive-ficha"" class=""hideContent"">\n\nLocal comercial alquilado a Empresa de Servicios Fúnebres, con 3 salas velatorias, baños de caballeros, damas y para discapacitados. Salón comedor y cocina. 2 Oficinas. 2 Depósitos. 2 Cocheras. Patio en el fondo. Todas las divisiones internas son de Durlock, por lo cual, es adaptable fácilmente a cualquier tipo de comercio. Tiene gas envasado y calefacción. Ubicada en la entrada de Mar de Ajó, de fácil acceso. Entrada de autos y camiones hasta el fondo del lote.\nImportante: Actualmente posee contrato de locación por cinco años, con una muy buena renta!!\n\nSuperficie:\n- Superficie de planta: 350\n\nPropiedad:\n- Antigüedad: 10 años\n\nUbicación:\n- Cerca de: Ingreso a Mar de Ajó\n\nServicios e instalaciones:\n- Seguridad\n- Amueblado\n\n</div>\n&nbsp;\n\n<strong>AVISO LEGAL</strong>: las características descriptas del inmueble publicado, calidades y cualidades constructivas y funcionales, valores de expensas, impuestos y servicios, medidas y superficies, son aproximados y consignadas en base a datos que fueron proporcionados por el propietario y que pueden no ser exactos y/o no estar actualizados, pudiendo surgir discrepancias con los datos que surgen de la documentación respectiva. Las medidas y superficies exactas son las que surgen de los títulos y planos legales del inmueble. Las imágenes publicadas lo son al mero efecto orientativo de las características generales y circunstancias del inmueble en el momento en que han sido tomadas, pudiendo las mismas diferir del estado y circunstancias actuales. Asimismo, los mobiliarios, accesorios, elementos, etc., que se visualicen en las imágenes publicadas, no integran la oferta de venta. En todos los casos el interesado deberá realizar una visita al inmueble y efectuar las verificaciones previamente a la realización de cualquier operación, requiriendo la documentación que corresponda. (Venta supeditada al cumplimiento por parte del propietario de los requisitos de la resolución general Nº 2371 de la AFIP (pedido de COTI)).\n<strong>ROMAN MININI Tomo III F° 359 Matrícula 1057 C.M.D</strong>",,,taxable,,1,,,0,0,,,,,0,,,,Venta,,,"https://administracionminini.com/wp-content/uploads/2020/10/1-5-scaled.jpg, https://administracionminini.com/wp-content/uploads/2020/10/20180217_094248.jpg, https://administracionminini.com/wp-content/uploads/2020/10/20180217_093906.jpg, https://administracionminini.com/wp-content/uploads/2020/10/20180217_093914.jpg, https://administracionminini.com/wp-content/uploads/2020/10/20180217_093930.jpg, https://administracionminini.com/wp-content/uploads/2020/10/20180217_094052.jpg, https://administracionminini.com/wp-content/uploads/2020/10/20180217_094112.jpg, https://administracionminini.com/wp-content/uploads/2020/10/IMG-20180217-WA0111.jpg, https://administracionminini.com/wp-content/uploads/2020/10/IMG-20180217-WA0109.jpg, https://administracionminini.com/wp-content/uploads/2020/10/IMG-20180217-WA0104.jpg, https://administracionminini.com/wp-content/uploads/2020/10/IMG-20180217-WA0103.jpg, https://administracionminini.com/wp-content/uploads/2020/10/IMG-20180217-WA0108.jpg",,,,,,,,,0,,Ambientes,"Baño, Cocina, Garage, Oficina",1,1,Baños,2,1,1,"Estado de Propiedad",Excelente,1,1,Generales,"Cloacas, Pavimento",1,1,Localidades,"Mar de Ajó",1,1,Moneda,USD,1,1,Operación,Venta,1,1,Propiedad,Inversión,1,1,Servicios,"Agua corriente, Electricidad, Teléfono",1,1,"Venta en Dolares","200.000 a 300.000",1,1,,,,,,,,,,,,,,,,
1216,simple,,,"Galpón | Avellaneda 2100 | Mar De Ajo",1,0,visible,,"<strong>Galpones A La Venta, Reciente Construcción.</strong>\n<div id=""text-responsive-ficha"" class=""hideContent"">\n\nSE ACEPTAN PERMUTAS DE MENOR VALOR, AUTOS, CAMIONETAS, SEMOVIENTES, PROPUESTAS DE CONTADO Y FINANCIACIÓN.\nNo dudes en consultarnos!\n\nServicios e instalaciones:\n- Pavimento\n\n</div>\n&nbsp;\n\n<strong>AVISO LEGAL</strong>: las características descriptas del inmueble publicado, calidades y cualidades constructivas y funcionales, valores de expensas, impuestos y servicios, medidas y superficies, son aproximados y consignadas en base a datos que fueron proporcionados por el propietario y que pueden no ser exactos y/o no estar actualizados, pudiendo surgir discrepancias con los datos que surgen de la documentación respectiva. Las medidas y superficies exactas son las que surgen de los títulos y planos legales del inmueble. Las imágenes publicadas lo son al mero efecto orientativo de las características generales y circunstancias del inmueble en el momento en que han sido tomadas, pudiendo las mismas diferir del estado y circunstancias actuales. Asimismo, los mobiliarios, accesorios, elementos, etc., que se visualicen en las imágenes publicadas, no integran la oferta de venta. En todos los casos el interesado deberá realizar una visita al inmueble y efectuar las verificaciones previamente a la realización de cualquier operación, requiriendo la documentación que corresponda. (Venta supeditada al cumplimiento por parte del propietario de los requisitos de la resolución general Nº 2371 de la AFIP (pedido de COTI)).\n<strong>ROMAN MININI Tomo III F° 359 Matrícula 1057 C.M.D</strong>",,,taxable,,1,,,0,0,,,,,0,,,,Venta,,,"https://administracionminini.com/wp-content/uploads/2020/10/WhatsApp-Image-2023-02-10-at-2.46.22-PM-2.jpeg, https://administracionminini.com/wp-content/uploads/2020/10/WhatsApp-Image-2023-02-10-at-12.49.10-PM-1.jpeg, https://administracionminini.com/wp-content/uploads/2020/10/WhatsApp-Image-2023-02-10-at-2.46.22-PM.jpeg, https://administracionminini.com/wp-content/uploads/2020/10/WhatsApp-Image-2023-02-10-at-2.46.20-PM-1.jpeg",,,,,,,,,0,,"Estado de Propiedad",Excelente,1,1,Generales,Cloacas,1,1,Localidades,"Mar de Ajó",1,1,Moneda,USD,1,1,Operación,Venta,1,1,Propiedad,Galpón,1,1,Servicios,"Agua corriente, Electricidad, Teléfono",1,1,"Venta en Dolares","100.000 a 200.000",1,1,,,,,,,,,,,,,,,,,,,,,,,,
1231,simple,,,"Galpón | Avellaneda 2100 | Mar De Ajo",1,0,hidden,,"<strong>Galpones En Venta, Construcciones Recientes.</strong>\n<div id=""text-responsive-ficha"" class=""hideContent"">\n\nUbicado Sobre Av. Libertador (Ingresando a la Localidad de Mar de Ajó).\nSE ACEPTAN PERMUTAS DE MENOR VALOR, AUTOS, CAMIONETAS, SEMOVIENTES, PROPUESTAS DE CONTADO Y FINANCIACIÓN.\nNo dudes en consultarnos!\n\nServicios e instalaciones:\n- Pavimento\n\n</div>\n&nbsp;\n\n<strong>AVISO LEGAL</strong>: las características descriptas del inmueble publicado, calidades y cualidades constructivas y funcionales, valores de expensas, impuestos y servicios, medidas y superficies, son aproximados y consignadas en base a datos que fueron proporcionados por el propietario y que pueden no ser exactos y/o no estar actualizados, pudiendo surgir discrepancias con los datos que surgen de la documentación respectiva. Las medidas y superficies exactas son las que surgen de los títulos y planos legales del inmueble. Las imágenes publicadas lo son al mero efecto orientativo de las características generales y circunstancias del inmueble en el momento en que han sido tomadas, pudiendo las mismas diferir del estado y circunstancias actuales. Asimismo, los mobiliarios, accesorios, elementos, etc., que se visualicen en las imágenes publicadas, no integran la oferta de venta. En todos los casos el interesado deberá realizar una visita al inmueble y efectuar las verificaciones previamente a la realización de cualquier operación, requiriendo la documentación que corresponda. (Venta supeditada al cumplimiento por parte del propietario de los requisitos de la resolución general Nº 2371 de la AFIP (pedido de COTI)).\n<strong>ROMAN MININI Tomo III F° 359 Matrícula 1057 C.M.D</strong>",,,taxable,,1,,,0,0,,,,,0,,,,Venta,,,"https://administracionminini.com/wp-content/uploads/2020/10/5cefce39-3271-4de1-b227-9d00297321db-1.jpeg, https://administracionminini.com/wp-content/uploads/2020/10/5cefce39-3271-4de1-b227-9d00297321db-1.jpeg, https://administracionminini.com/wp-content/uploads/2020/10/429ba772-3ed5-4dc5-9114-c5bf62f7364c.jpeg, https://administracionminini.com/wp-content/uploads/2020/10/e6904f74-a633-4c1f-b6e0-b7ca7397bf27.jpeg, https://administracionminini.com/wp-content/uploads/2020/10/2c1227a0-8db6-42b2-8e71-7e81f5def3a0.jpeg, https://administracionminini.com/wp-content/uploads/2020/10/d805047b-71bf-4648-a6a0-b1c73808f112.jpeg, https://administracionminini.com/wp-content/uploads/2020/10/fdc7cb5f-720b-4092-9a3e-b750241bd683.jpeg, https://administracionminini.com/wp-content/uploads/2020/10/cd300d95-227d-47db-9c7c-44ec7598647e.jpeg, https://administracionminini.com/wp-content/uploads/2020/10/8860b8e3-8598-4592-b9dd-458bd3da8ee4-1.jpeg, https://administracionminini.com/wp-content/uploads/2020/10/9e3a0585-d2aa-4be0-8efc-98364917cad4.jpeg",,,,,,,,,0,,"Estado de Propiedad",Excelente,1,1,Generales,Cloacas,1,1,Localidades,"Mar de Ajó",1,1,Moneda,USD,1,1,Operación,Venta,1,1,Propiedad,Galpón,1,1,Servicios,"Agua corriente, Electricidad",1,1,"Venta en Dolares","100.000 a 200.000",1,1,,,,,,,,,,,,,,,,,,,,,,,,
1327,simple,,,"Local | Libertador 2100 | Mar De Ajo",1,0,hidden,,"<strong>Local Comercial En El Ingreso A Mar De Ajó.</strong>\n<div id=""text-responsive-ficha"" class=""hideContent"">\n\nLocal comercial ubicado en la entrada de Mar de Ajó, de fácil acceso, cuenta con salón comedor,. cocina, Baño completo,2 Oficinas, 2 Depósitos y 2 Cocheras, amplio patio en el fondo.Entrada de autos y camiones hasta el fondo del lote. Vidriera en todo el frente. Apto para cualquier emprendimiento comercial. Todos los rubros.\n\nIMPORTANTE: El propietario acepta cualquier forma de pago, y está abierto a recibir cualquier bien (mueble o inmueble en parte de pago) como así también a establecer formas de pago especiales.\n\nPropiedad:\n- Antigüedad: 15 años\n- Cocheras cubiertas: 2\n\nUbicación:\n- Cerca de: Ingreso de Mar de Ajó\n\nServicios e instalaciones:\n- Amueblado\n\n</div>\n&nbsp;\n\n<strong>AVISO LEGAL</strong>: las características descriptas del inmueble publicado, calidades y cualidades constructivas y funcionales, valores de expensas, impuestos y servicios, medidas y superficies, son aproximados y consignadas en base a datos que fueron proporcionados por el propietario y que pueden no ser exactos y/o no estar actualizados, pudiendo surgir discrepancias con los datos que surgen de la documentación respectiva. Las medidas y superficies exactas son las que surgen de los títulos y planos legales del inmueble. Las imágenes publicadas lo son al mero efecto orientativo de las características generales y circunstancias del inmueble en el momento en que han sido tomadas, pudiendo las mismas diferir del estado y circunstancias actuales. Asimismo, los mobiliarios, accesorios, elementos, etc., que se visualicen en las imágenes publicadas, no integran la oferta de venta. En todos los casos el interesado deberá realizar una visita al inmueble y efectuar las verificaciones previamente a la realización de cualquier operación, requiriendo la documentación que corresponda. (Venta supeditada al cumplimiento por parte del propietario de los requisitos de la resolución general Nº 2371 de la AFIP (pedido de COTI)).\n<strong>ROMAN MININI Tomo III F° 359 Matrícula 1057 C.M.D</strong>",,,taxable,,1,,,0,0,,,,,0,,,,Venta,,,"https://administracionminini.com/wp-content/uploads/2020/10/3-3.jpg, https://administracionminini.com/wp-content/uploads/2020/10/4-4.jpg, https://administracionminini.com/wp-content/uploads/2020/10/4-3.jpg, https://administracionminini.com/wp-content/uploads/2020/10/2-4.jpg, https://administracionminini.com/wp-content/uploads/2020/10/3-2.jpg, https://administracionminini.com/wp-content/uploads/2020/10/1-8.jpg, https://administracionminini.com/wp-content/uploads/2020/10/10-1.jpg, https://administracionminini.com/wp-content/uploads/2020/10/5-1.jpg, https://administracionminini.com/wp-content/uploads/2020/10/11-2.jpg, https://administracionminini.com/wp-content/uploads/2020/10/Local-Libertador-2100-9-min.jpg, https://administracionminini.com/wp-content/uploads/2020/10/Local-Libertador-2100-10-min.jpg, https://administracionminini.com/wp-content/uploads/2020/10/Local-Libertador-2100-11-min.jpg, https://administracionminini.com/wp-content/uploads/2020/10/Local-Libertador-2100-12-min.jpg",,,,,,,,,0,,Ambientes,Oficina,1,1,"Estado de Propiedad",Excelente,1,1,Generales,"Cloacas, Pavimento, Posee vivienda",1,1,Localidades,"Mar de Ajó",1,1,Moneda,USD,1,1,Operación,Venta,1,1,Propiedad,Local,1,1,Servicios,"Agua corriente, Electricidad, Teléfono",1,1,"Venta en Dolares","400.000 o mas",1,1,,,,,,,,,,,,,,,,,,,,
1874,simple,,,"Local Comercial| Francisco de las Carreras 100 Local 7| Mar de Ajó",1,0,visible,,"<strong>Locales comerciales en el Shopping Ancla, pleno centro.</strong>\n<div id=""text-responsive-ficha"" class=""hideContent"">\n\nLocal Comercial, ubicado en Pleno Centro de Mar de Ajó... ideal para oficina, venta de indumentaria, polirrubro, marroquinería... Puede habilitarse para varios rubros.\n\nTambién se pueden alquilar ambos locales con una ampliación para un solo rubro, en ese caso se hace un ajuste en el valor del mismo.\nPosee rejas al frente y entrepiso para ser utilizado como deposito, la galería posee baños de uso común.\nConsultános!!!\n\nPagos e impuestos:\n- Meses de depósito:1\n- Impuestos a cargo de: inquilino\n- Agua a cargo de: inquilino\n\nSuperficie:\n- Altura de interior: 3 Mts.\n\nPropiedad:\n- Antigüedad: 20 años\n\nUbicación:\n- Cerca de: Supermercado Coto y parada de Colectivos Locales.\n- Entre calles: Avenida Libertador Y Dr. Marano\n\nAVISO LEGAL: Se hace saber que las características descriptas del inmueble publicado, calidades y cualidades constructivas y funcionales, valores de expensas, impuestos y servicios, medidas y superficies, son aproximados y consignadas en base a datos que fueron proporcionados por el propietario y que pueden no ser exactos y/o no estar actualizados a la hora de la visualización de este aviso, pudiendo surgir discordancias con los datos que surgen de la documentación respectiva. Las medidas y superficies exactas son las que surgen de los títulos y planos legales del inmueble. Las imágenes publicadas lo son al mero efecto orientativo de las características generales y circunstancias del inmueble en el momento en que han sido tomadas, pudiendo las mismas diferir del estado y circunstancias actuales del mismo. Asimismo, los mobiliarios, accesorios, elementos, etc., que se visualicen en las imagines publicadas, no integran la oferta de venta. En todos los casos el interesado deberá realizar una visita al inmueble y efectuar las verificaciones respectivas previamente a la realización de cualquier operación, requiriendo la documentación que corresponda. (Venta supeditada al cumplimiento por parte del propietario de los requisitos de la resolución general Nº 2371 de la AFIP (pedido de COTI)).\nROMAN MININI Tomo III F° 359 Matricula 1057 C.M.D\n\n</div>",,,taxable,,1,,,0,0,,,,,0,,,,Alquiler,,,"https://administracionminini.com/wp-content/uploads/2021/01/13-10.jpg, https://administracionminini.com/wp-content/uploads/2021/01/5-22.jpg, https://administracionminini.com/wp-content/uploads/2021/01/7-24.jpg, https://administracionminini.com/wp-content/uploads/2021/01/11-16.jpg, https://administracionminini.com/wp-content/uploads/2021/01/SAM_2259-1.jpg, https://administracionminini.com/wp-content/uploads/2021/01/2-11.jpg, https://administracionminini.com/wp-content/uploads/2021/01/1-21.jpg, https://administracionminini.com/wp-content/uploads/2021/01/2-25.jpg, https://administracionminini.com/wp-content/uploads/2021/01/3-26.jpg",,,,,,,,,0,,Propiedad,Local,1,1,Moneda,$,1,1,Localidades,"Mar de Ajó",1,1,Operación,Alquiler,1,1,,,,,,,,,,,,,,,,,,,,,,,,,,,,,,,,,,,,,,,,
2489,simple,,,"Local Comercial | Chiozza N° 2153 | San Bernardo",1,0,visible,,"Ubicado sobre calle Chiozza, en pleno centro comercial de la Ciudad de San Bernardo y a 1 cuadra del mar, encontramos este Local con Vidriera al frente y al lateral, posee también una pequeña cocina.\n\nSe puede habilitar para varios rubros y su alquiler es anual por 2 años.\n\nCONSULTANOS SI TE INTERESA!!!",,,taxable,,1,,,0,0,,,,,0,,,,Alquiler,,,"https://administracionminini.com/wp-content/uploads/2021/06/WhatsApp-Image-2024-09-03-at-14.32.47-1.jpeg, https://administracionminini.com/wp-content/uploads/2021/06/WhatsApp-Image-2024-09-03-at-14.32.40.jpeg, https://administracionminini.com/wp-content/uploads/2021/06/WhatsApp-Image-2024-09-03-at-14.32.45.jpeg, https://administracionminini.com/wp-content/uploads/2021/06/WhatsApp-Image-2024-09-03-at-14.32.45-2.jpeg, https://administracionminini.com/wp-content/uploads/2021/06/WhatsApp-Image-2024-09-02-at-10.32.58.jpeg, https://administracionminini.com/wp-content/uploads/2021/06/WhatsApp-Image-2024-09-02-at-10.32.59.jpeg, https://administracionminini.com/wp-content/uploads/2021/06/20.jpg, https://administracionminini.com/wp-content/uploads/2021/06/4-2.jpg",,,,,,,,,0,,Propiedad,Local,1,1,Localidades,"San Bernardo",1,1,Operación,Alquiler,1,1,"Estado de Propiedad","Muy bueno",1,1,,,,,,,,,,,,,,,,,,,,,,,,,,,,,,,,,,,,,,,,
2502,simple,,,"Casa | Garita 2 Paraje Pavón | Mar de Ajó",1,0,hidden,,"Casa en Venta en Paraje Pavón, con pocos años de edificación!!!...\n\nSe vende casa de 4 ambientes sobre lote de 3.000m². Ingreso por Garita 2, 4 cuadras y media hacia la izquierda.\nTerreno parejo, con césped y árboles.\nLa casa, de 2 años de antigüedad, consta de living comedor amplio con cocina separada, 3 dormitorios y un baño completo. Sistema de construcción en seco.\nGas envasado y agua corriente. No posee cloacas.\nTermotanque y sistema de calefacción eléctrico.\nSuperficie cubierta aproximada: 64m²\nSuperficie Semi cubierta aproximada: 12m²\nSe escuchan propuestas.",,,taxable,,1,,,0,0,,,,,0,,,,Venta,,,"https://administracionminini.com/wp-content/uploads/2021/06/16.jpg, https://administracionminini.com/wp-content/uploads/2021/06/26-1.jpg, https://administracionminini.com/wp-content/uploads/2021/06/20-2.jpg, https://administracionminini.com/wp-content/uploads/2021/06/17.jpg, https://administracionminini.com/wp-content/uploads/2021/06/3-1.jpg, https://administracionminini.com/wp-content/uploads/2021/06/12.jpg, https://administracionminini.com/wp-content/uploads/2021/06/10-1.jpg, https://administracionminini.com/wp-content/uploads/2021/06/1.jpg, https://administracionminini.com/wp-content/uploads/2021/06/25-1.jpg, https://administracionminini.com/wp-content/uploads/2021/06/18.jpg, https://administracionminini.com/wp-content/uploads/2021/06/19.jpg, https://administracionminini.com/wp-content/uploads/2021/06/11-2.jpg, https://administracionminini.com/wp-content/uploads/2021/06/27-1.jpg, https://administracionminini.com/wp-content/uploads/2021/06/15.jpg, https://administracionminini.com/wp-content/uploads/2021/06/5-2.jpg, https://administracionminini.com/wp-content/uploads/2021/06/9.jpg, https://administracionminini.com/wp-content/uploads/2021/06/8-2.jpg, https://administracionminini.com/wp-content/uploads/2021/06/4-3.jpg",,,,,,,,,0,,Propiedad,Casa,1,1,Localidades,"Mar de Ajó",1,1,Operación,Venta,1,1,,,,,,,,,,,,,,,,,,,,,,,,,,,,,,,,,,,,,,,,,,,,
2561,simple,,,"Departamento | Chiozza 3057 | San Bernardo",1,1,visible,,"Excelente departamento 3 ambientes ubicado a 1 cuadra del mar y sobre calle Chiozza (pleno centro comercial), 1° piso por escalera.\nCuenta con amplio comedor, cocina separada, 2 dormitorios, baño y cochera cubierta de 17 Mts², su estado general es muy bueno.\nSE VENDE TOTALMENTE AMOBLADO.\nEL EDIFICIO POSEE PARRILLAS Y LAVADERO DE USO COMÚN.\nCONSULTANOS SI TE INTERESA ESTA PROPIEDAD!!!",,,taxable,,1,,,0,0,,,,,0,,,,Venta,,,"https://administracionminini.com/wp-content/uploads/2021/08/18-1.jpg, https://administracionminini.com/wp-content/uploads/2021/08/23.jpg, https://administracionminini.com/wp-content/uploads/2021/08/21.jpg, https://administracionminini.com/wp-content/uploads/2021/08/19-2.jpg, https://administracionminini.com/wp-content/uploads/2021/08/16-1.jpg, https://administracionminini.com/wp-content/uploads/2021/08/13-1.jpg, https://administracionminini.com/wp-content/uploads/2021/08/12-1.jpg, https://administracionminini.com/wp-content/uploads/2021/08/15-1.jpg, https://administracionminini.com/wp-content/uploads/2021/08/11-2.jpg, https://administracionminini.com/wp-content/uploads/2021/08/10-1.jpg, https://administracionminini.com/wp-content/uploads/2021/08/7-1.jpg, https://administracionminini.com/wp-content/uploads/2021/08/4-1.jpg, https://administracionminini.com/wp-content/uploads/2021/08/6-1.jpg, https://administracionminini.com/wp-content/uploads/2021/08/1-1.jpg, https://administracionminini.com/wp-content/uploads/2021/08/2-1.jpg",,,,,,,,,0,,Propiedad,Departamento,1,1,Servicios,"Agua corriente, Electricidad, Internet, Vídeo cable",1,1,Localidades,"San Bernardo",1,1,"Cantidad de ambientes",3,1,1,"Estado de Propiedad","Muy bueno",1,1,,,,,,,,,,,,,,,,,,,,,,,,,,,,,,,,,,,,
2644,simple,,,"Departamento | Costanera N° 3370 | San Bernardo",1,0,visible,,"Departamento 2 ambientes, ubicado sobre calle Costanera frente al mar a pocas cuadras del centro Comercial. El mismo cuenta con Cocina separada, amplio Comedor, dormitorio, baño, balcón al lateral con parrilla y lavadero.\nPosee cochera Cubierta y se vende amoblado.\nConsultanos si te interesa esta Propiedad.",,,taxable,,1,,,0,0,,,,,0,,,,Venta,,,"https://administracionminini.com/wp-content/uploads/2021/09/16.jpg, https://administracionminini.com/wp-content/uploads/2021/09/16.jpg, https://administracionminini.com/wp-content/uploads/2021/09/14.jpg, https://administracionminini.com/wp-content/uploads/2021/09/11-1.jpg, https://administracionminini.com/wp-content/uploads/2021/09/7.jpg, https://administracionminini.com/wp-content/uploads/2021/09/8-3.jpg, https://administracionminini.com/wp-content/uploads/2021/09/6.jpg, https://administracionminini.com/wp-content/uploads/2021/09/b48bb12d-6c96-4ab7-9b8c-2c26a873595f-1.jpg, https://administracionminini.com/wp-content/uploads/2021/09/700.jpg, https://administracionminini.com/wp-content/uploads/2021/09/400-1.jpg, https://administracionminini.com/wp-content/uploads/2021/09/10.jpg, https://administracionminini.com/wp-content/uploads/2021/09/9.jpg, https://administracionminini.com/wp-content/uploads/2021/09/ace239e0-5e8b-4b6e-b3b0-1f626d8d8b85.jpg, https://administracionminini.com/wp-content/uploads/2021/09/200.jpg, https://administracionminini.com/wp-content/uploads/2021/09/200-1.jpg",,,,,,,,,0,,"Cantidad de ambientes",2,1,1,Dormitorios,1,1,1,Localidades,"San Bernardo",1,1,Operación,Venta,1,1,,,,,,,,,,,,,,,,,,,,,,,,,,,,,,,,,,,,,,,,
2788,simple,,,"Local Comercial| Libertador San Martin N° 27 | Mar de Ajó",1,0,hidden,,"Excelente Local Comercial de 21 mts², ubicado en pleno centro de Mar de Ajó, a 50 mts del Mar. Ideal para varios rubros, posee baño y vidriera al frente sobre Av. Libertador.\nCONSULTANOS SI TE INTERESA.",,,taxable,,1,,,0,0,,,,,0,,,,Venta,,,"https://administracionminini.com/wp-content/uploads/2021/12/1.jpg, https://administracionminini.com/wp-content/uploads/2021/12/2.jpg, https://administracionminini.com/wp-content/uploads/2021/12/3.jpg, https://administracionminini.com/wp-content/uploads/2021/12/4.jpg, https://administracionminini.com/wp-content/uploads/2021/12/5.jpg, https://administracionminini.com/wp-content/uploads/2021/12/6.jpg, https://administracionminini.com/wp-content/uploads/2021/12/8.jpg, https://administracionminini.com/wp-content/uploads/2021/12/11.jpg",,,,,,,,,0,,Propiedad,Local,1,1,Localidades,"Mar de Ajó",1,1,,,,,,,,,,,,,,,,,,,,,,,,,,,,,,,,,,,,,,,,,,,,,,,,
2819,simple,,,"Local Comercial| Chiozza N° 1853 | San Bernardo",1,0,hidden,,"Excelente Local Comercial, ubicado en pleno centro de San Bernardo sobre una de las calles mas transitadas e importantes de la ciudad. Posee baño, cocina y amplia vidriera al frente, pisos de porcelanato y detalles de 1° Categoría.\nCONSULTANOS SI TE INTERESA!",,,taxable,,1,,,0,0,,,,,0,,,,Venta,,,"https://administracionminini.com/wp-content/uploads/2022/02/WhatsApp-Image-2022-09-19-at-4.29.53-PM-2.jpeg, https://administracionminini.com/wp-content/uploads/2022/02/WhatsApp-Image-2022-09-19-at-4.29.54-PM.jpeg, https://administracionminini.com/wp-content/uploads/2022/02/WhatsApp-Image-2022-09-19-at-4.29.54-PM-2.jpeg, https://administracionminini.com/wp-content/uploads/2022/02/WhatsApp-Image-2022-09-19-at-4.29.52-PM-2.jpeg, https://administracionminini.com/wp-content/uploads/2022/02/WhatsApp-Image-2022-09-19-at-4.29.55-PM.jpeg",,,,,,,,,0,,Propiedad,Local,1,1,Baños,1,1,1,"Estado de Propiedad","A estrenar",1,1,"Venta en Dolares","300.000 - 400.000",1,1,Localidades,"San Bernardo",1,1,,,,,,,,,,,,,,,,,,,,,,,,,,,,,,,,,,,,
2994,simple,,,"Departamento| Chiozza N° 2658 | San Bernardo",1,0,visible,,"Increíble Oportunidad!!!.\nSe vende Departamento 3 ambientes con cochera descubierta + Unidad Complementaria es decir departamento monoambiente sobre calle Chiozza a 1 cuadra del mar, en pleno centro de San Bernardo con vista al mar. El departamento 3 ambientes cuenta con amplia cocina-comedor, 2 dormitorios de los cuales uno es en suite, baño, amplios placares, muy buen estado.\nEl edificio posee calefacción mediante caldera central, además cuenta con amplio hall de entrada.\nSE VENDEN TOTALMENTE AMOBLADOS.\nEXCELENTE UBICACIÓN.\n\nEl Propietario acepta permuta por departamento o terreno en la Localidad de La Plata.",,,taxable,,1,,,0,0,,,,,0,,,,Venta,,,"https://administracionminini.com/wp-content/uploads/2022/07/WhatsApp-Image-2023-09-18-at-12.59.15.jpeg, https://administracionminini.com/wp-content/uploads/2022/07/WhatsApp-Image-2023-09-18-at-12.59.13-3.jpeg, https://administracionminini.com/wp-content/uploads/2022/07/WhatsApp-Image-2023-09-18-at-12.59.13-5.jpeg, https://administracionminini.com/wp-content/uploads/2022/07/WhatsApp-Image-2022-07-20-at-12.58.37-PM-1.jpeg, https://administracionminini.com/wp-content/uploads/2022/07/WhatsApp-Image-2022-07-20-at-12.58.37-PM.jpeg, https://administracionminini.com/wp-content/uploads/2022/07/WhatsApp-Image-2023-09-18-at-12.59.14-1-1.jpeg, https://administracionminini.com/wp-content/uploads/2022/07/25-1.jpg, https://administracionminini.com/wp-content/uploads/2022/07/WhatsApp-Image-2023-09-13-at-16.27.12.jpeg, https://administracionminini.com/wp-content/uploads/2022/07/WhatsApp-Image-2023-09-18-at-12.59.12-1-1.jpeg, https://administracionminini.com/wp-content/uploads/2022/07/WhatsApp-Image-2023-09-13-at-16.27.13-3.jpeg, https://administracionminini.com/wp-content/uploads/2022/07/WhatsApp-Image-2023-09-13-at-16.27.13-5.jpeg, https://administracionminini.com/wp-content/uploads/2022/07/WhatsApp-Image-2023-09-13-at-16.27.13-6.jpeg, https://administracionminini.com/wp-content/uploads/2022/07/WhatsApp-Image-2023-09-13-at-16.27.14-3.jpeg, https://administracionminini.com/wp-content/uploads/2022/07/831ff65f-8ba3-4e85-8a38-dbe226e8a4b6.jpg, https://administracionminini.com/wp-content/uploads/2022/07/102.jpg, https://administracionminini.com/wp-content/uploads/2022/07/15-2.jpg, https://administracionminini.com/wp-content/uploads/2022/07/WhatsApp-Image-2023-09-18-at-12.59.13-2.jpeg, https://administracionminini.com/wp-content/uploads/2022/07/104.jpg, https://administracionminini.com/wp-content/uploads/2022/07/6-1.jpg, https://administracionminini.com/wp-content/uploads/2022/07/28.jpg, https://administracionminini.com/wp-content/uploads/2022/07/31.jpg, https://administracionminini.com/wp-content/uploads/2022/07/7-1.jpg, https://administracionminini.com/wp-content/uploads/2022/07/29.jpg, https://administracionminini.com/wp-content/uploads/2022/07/8-1.jpg, https://administracionminini.com/wp-content/uploads/2022/07/7.jpg, https://administracionminini.com/wp-content/uploads/2022/07/5-1.jpg, https://administracionminini.com/wp-content/uploads/2022/07/WhatsApp-Image-2023-09-13-at-16.27.18-1.jpeg, https://administracionminini.com/wp-content/uploads/2022/07/10-1.jpg, https://administracionminini.com/wp-content/uploads/2022/07/WhatsApp-Image-2023-09-13-at-16.27.20-1.jpeg, https://administracionminini.com/wp-content/uploads/2022/07/WhatsApp-Image-2023-09-13-at-16.27.14-2.jpeg, https://administracionminini.com/wp-content/uploads/2022/07/8.jpg, https://administracionminini.com/wp-content/uploads/2022/07/101.jpg, https://administracionminini.com/wp-content/uploads/2022/07/3-1.jpg, https://administracionminini.com/wp-content/uploads/2022/07/WhatsApp-Image-2023-09-13-at-16.27.19.jpeg, https://administracionminini.com/wp-content/uploads/2022/07/WhatsApp-Image-2023-09-18-at-12.59.12-1.jpeg, https://administracionminini.com/wp-content/uploads/2022/07/WhatsApp-Image-2023-09-18-at-12.59.13-4.jpeg",,,,,,,,,0,,"Estado de Propiedad","Muy bueno",1,1,Ambientes,"Baño, Baulera, Cocina-comedor, Dormitorio, Garage",1,1,Dormitorios,2,1,1,Operación,Venta,1,1,Localidades,"San Bernardo",1,1,Propiedad,Departamento,1,1,,,,,,,,,,,,,,,,,,,,,,,,,,,,,,,,
3046,simple,,,"PH | Rivadavia N° 243 | Costa Azul",1,0,visible,,"Excelente PH ubicado a 2 cuadras y media del mar y a pocos metros de calle Mendoza (Av. mas importante de Costa Azul). La propiedad cuenta con pequeño jardín al frente, cocina, comedor, 2 dormitorios, baño completo, parrilla y espacio guarda-coche.\nSe vende como se observa en las fotos totalmente amoblado.\nEscuchamos ofertas, posibilidad de financiación o entrega de vehículo en parte de pago.\n\nCONSULTANOS SI TE INTERESA ESTA PROPIEDAD!",,,taxable,,1,,,0,0,,,,,0,,,,Venta,,,,,,,,,,,,0,,Ambientes,"Baño, Cocina-comedor, Dormitorio, Garage, Jardin Frente",1,1,Operación,Venta,1,1,Servicios,"Agua corriente, Electricidad, Internet, Vídeo cable",1,1,Propiedad,PH,1,1,Localidades,"Costa Azul",1,1,,,,,,,,,,,,,,,,,,,,,,,,,,,,,,,,,,,,
3087,simple,,,"Lote | Calle 7 bis y Tucumán | Lucila del Mar",1,0,visible,,"Gran lote en el Pinar de la Lucila del mar, ubicado sobre calle 7 Bis y Tucumán, alejado del ruido de la cuidad , zona residencial, de viviendas permanentes con excelente arboleda, ideal para descansar y conectarse con la naturaleza. Sus dimensiones son de 30mts de frente por 38mts de fondo, conformando un total de 1140 m². Escuchamos ofertas, posibilidad de financiación o entrega de vehículo en parte de pago.\nCONSULTANOS!",,,taxable,,1,,,0,0,,,,,0,,,,Venta,,,"https://administracionminini.com/wp-content/uploads/2022/08/1-2.jpg, https://administracionminini.com/wp-content/uploads/2022/08/29c8469f-57af-427d-bfb0-f0c723308594.jpg, https://administracionminini.com/wp-content/uploads/2022/08/13-1.jpg, https://administracionminini.com/wp-content/uploads/2022/08/2-2.jpg, https://administracionminini.com/wp-content/uploads/2022/08/10-1.jpg, https://administracionminini.com/wp-content/uploads/2022/08/8-1.png, https://administracionminini.com/wp-content/uploads/2022/08/3.jpg",,,,,,,,,0,,"Estado de Propiedad",Excelente,1,1,Operación,Venta,1,1,Servicios,"Electricidad, Internet, Vídeo cable",1,1,Propiedad,Lote,1,1,Localidades,"La Lucila",1,1,Moneda,USD,1,1,,,,,,,,,,,,,,,,,,,,,,,,,,,,,,,,
3183,simple,,,"Departamento | Chiozza N° 1857 | San Bernardo",1,0,visible,,"COPACABANA II\n\nULTIMA UNIDAD DISPONIBLE!\n\nA la Venta Departamentos de 2 ambientes a estrenar, con balcón al frente sobre calle Chiozza y a 1 cuadra del mar, los mismos cuenta con amplia cocina-comedor, dormitorio  y baño completo.\nLAS UNIDADES SE ENTREGAN CON BAJO-MESADA, COCINA Y TERMOTANQUE ELECTRICOS!!!\n\nEmprendimiento en construcción ubicado sobre la calle Chiozza 1853, San Bernardo del Tuyu.\nEdificio compuesto por 5 niveles, contará con 16 unidades las cuales se dividen en 3 departamentos por piso y 1 local en la planta baja. El edificio se compone de monoambientes y 2 ambientes lo que le da una característica única a los mismos.\nExcelente ubicación, cercano al centro comercial y a las distintas playas de la zona.\nUNIDADES DISPONIBLES DOS AMBIENTES:\n\n1° PISO\nDPTO 1 45 MTS².......u$s 49.000\n\nMEMORIA DESCRIPTIVA:\n* Puertas placas intermedias.\n* Carpintería aluminio ventana DVH.\n* Circuito de electricidad trifásica en el local.\n* Revestimiento porcelanato en los pisos, y revestimiento cerámico en área baños.\n* Mueble bajo mesada en: mdf/melanina.\n* Grifería mono-comando FV.\n* Mesada área baño, en losa con porcelanato líquido con plato.\n* Sanitarios en losa (capea/ferrum). Inodoro con tapa de madera.\n* Luces (iluminación) todas en el área balcón para la no afectar la fachada del edificio.",,,taxable,,1,,,0,0,,,,,0,,,,Venta,,,"https://administracionminini.com/wp-content/uploads/2022/08/WhatsApp-Image-2024-09-03-at-14.32.28-1-1.jpeg, https://administracionminini.com/wp-content/uploads/2022/08/WhatsApp-Image-2024-09-03-at-14.32.30.jpeg, https://administracionminini.com/wp-content/uploads/2022/08/WhatsApp-Image-2024-09-03-at-14.32.39.jpeg, https://administracionminini.com/wp-content/uploads/2022/08/WhatsApp-Image-2024-09-03-at-14.32.34.jpeg, https://administracionminini.com/wp-content/uploads/2022/08/WhatsApp-Image-2024-09-03-at-14.32.22.jpeg, https://administracionminini.com/wp-content/uploads/2022/02/WhatsApp-Image-2022-08-19-at-11.16.17-AM.jpeg",,,,,,,,,0,,Dormitorios,1,1,1,"Estado de Propiedad","A estrenar",1,1,"Cantidad de ambientes",1,1,1,Operación,Venta,1,1,Propiedad,Departamento,1,1,,,,,,,,,,,,,,,,,,,,,,,,,,,,,,,,,,,,
3219,simple,,,"Local Comercial| Francisco de las Carreras 100 Local 8| Mar de Ajó",1,0,visible,,"<strong>Locales comerciales en el Shopping Ancla, pleno centro.</strong>\n<div id=""text-responsive-ficha"" class=""hideContent"">\n\nLocal Comercial, ubicado en Pleno Centro de Mar de Ajó... ideal para oficina, venta de indumentaria, polirrubro, marroquinería... Puede habilitarse para varios rubros.\n\nTambién se pueden alquilar ambos locales con una ampliación para un solo rubro, en ese caso se hace un ajuste en el valor del mismo.\nPosee rejas al frente y entrepiso para ser utilizado como deposito, la galería posee baños de uso común.\nConsultános!!!\n\nPagos e impuestos:\n- Meses de depósito:1\n- Impuestos a cargo de: inquilino\n- Agua a cargo de: inquilino\n\nSuperficie:\n- Altura de interior: 3 Mts.\n\nPropiedad:\n- Antigüedad: 20 años\n\nUbicación:\n- Cerca de: Supermercado Coto y parada de Colectivos Locales.\n- Entre calles: Avenida Libertador Y Dr. Marano\n\nAVISO LEGAL: Se hace saber que las características descriptas del inmueble publicado, calidades y cualidades constructivas y funcionales, valores de expensas, impuestos y servicios, medidas y superficies, son aproximados y consignadas en base a datos que fueron proporcionados por el propietario y que pueden no ser exactos y/o no estar actualizados a la hora de la visualización de este aviso, pudiendo surgir discordancias con los datos que surgen de la documentación respectiva. Las medidas y superficies exactas son las que surgen de los títulos y planos legales del inmueble. Las imágenes publicadas lo son al mero efecto orientativo de las características generales y circunstancias del inmueble en el momento en que han sido tomadas, pudiendo las mismas diferir del estado y circunstancias actuales del mismo. Asimismo, los mobiliarios, accesorios, elementos, etc., que se visualicen en las imagines publicadas, no integran la oferta de venta. En todos los casos el interesado deberá realizar una visita al inmueble y efectuar las verificaciones respectivas previamente a la realización de cualquier operación, requiriendo la documentación que corresponda. (Venta supeditada al cumplimiento por parte del propietario de los requisitos de la resolución general Nº 2371 de la AFIP (pedido de COTI)).\nROMAN MININI Tomo III F° 359 Matricula 1057 C.M.D\n\n</div>",,,taxable,,1,,,0,0,,,,,0,,,,Alquiler,,,"https://administracionminini.com/wp-content/uploads/2022/08/9-1.jpg, https://administracionminini.com/wp-content/uploads/2022/08/10-2.jpg, https://administracionminini.com/wp-content/uploads/2022/08/35.jpg, https://administracionminini.com/wp-content/uploads/2022/08/11-1.jpg, https://administracionminini.com/wp-content/uploads/2022/08/5-1.jpg, https://administracionminini.com/wp-content/uploads/2022/08/14-1.jpg, https://administracionminini.com/wp-content/uploads/2022/08/1-3.jpg, https://administracionminini.com/wp-content/uploads/2022/08/2-3.jpg, https://administracionminini.com/wp-content/uploads/2022/08/3-3.jpg",,,,,,,,,0,,"Estado de Propiedad",Bueno,1,1,Propiedad,Local,1,1,Operación,Alquiler,1,1,"Alquiler en Pesos","Hasta 50.000",1,1,Localidades,"Mar de Ajó",1,1,,,,,,,,,,,,,,,,,,,,,,,,,,,,,,,,,,,,
3282,simple,,,"Lote | Av. Chascomús N° 1500 | Nueva Atlantis",1,0,hidden,,"Excelente lote en Av. principal, entre calle Gaito y Yunque que conecta Nueva Atlantis con Mar de ajo. Zona en auge de construcción con todos los servicios.\n\nIdeal para vivienda permanente, sus medidas son de 12,50mts x 40mts.\n\nTotal: 500mts²\n\nConsúltanos!!!",,,taxable,,1,,,0,0,,,,,0,,,,Venta,,,"https://administracionminini.com/wp-content/uploads/2022/08/WhatsApp-Image-2022-08-24-at-2.44.19-PM-3.jpeg, https://administracionminini.com/wp-content/uploads/2022/08/WhatsApp-Image-2022-08-24-at-2.44.19-PM-1.jpeg, https://administracionminini.com/wp-content/uploads/2022/08/WhatsApp-Image-2022-08-24-at-2.44.19-PM-5.jpeg, https://administracionminini.com/wp-content/uploads/2022/08/WhatsApp-Image-2022-08-24-at-2.44.19-PM.jpeg, https://administracionminini.com/wp-content/uploads/2022/08/WhatsApp-Image-2022-08-24-at-2.44.19-PM-4.jpeg, https://administracionminini.com/wp-content/uploads/2022/08/WhatsApp-Image-2022-08-24-at-2.44.19-PM-6.jpeg, https://administracionminini.com/wp-content/uploads/2022/08/WhatsApp-Image-2022-08-24-at-2.44.20-PM.jpeg, https://administracionminini.com/wp-content/uploads/2022/08/WhatsApp-Image-2022-08-24-at-2.44.19-PM-8.jpeg",,,,,,,,,0,,Operación,Venta,1,1,Propiedad,Lote,1,1,Servicios,"Agua corriente, Electricidad, Internet, Teléfono, Vídeo cable",1,1,Localidades,"Nueva Atlantis",1,1,,,,,,,,,,,,,,,,,,,,,,,,,,,,,,,,,,,,,,,,
3293,simple,,,"Lote | Av. Chascomús N° 1500 | Nueva Atlantis",1,0,hidden,"&nbsp;\n\n&nbsp;","Excelente lote en Av. Chascomús y esq. Alberti, que conecta Nueva Atlantis con Mar de ajo. Zona en auge de construcción con todos los servicios.\n\nIdeal para edificación de vivienda permanente. Planos aprobados para construir 220mts².\n\nMEDIDAS: 38mts de Frente x 16mts de fondo.\n\nTOTAL: 608mts²",,,taxable,,1,,,0,0,,,,,0,,,,Venta,,,"https://administracionminini.com/wp-content/uploads/2022/08/WhatsApp-Image-2022-08-24-at-2.44.19-PM-5.jpeg, https://administracionminini.com/wp-content/uploads/2022/08/WhatsApp-Image-2022-08-24-at-2.44.19-PM.jpeg, https://administracionminini.com/wp-content/uploads/2022/08/WhatsApp-Image-2022-08-24-at-2.44.19-PM-8.jpeg, https://administracionminini.com/wp-content/uploads/2022/08/WhatsApp-Image-2022-08-24-at-2.44.20-PM.jpeg, https://administracionminini.com/wp-content/uploads/2022/08/WhatsApp-Image-2022-08-24-at-2.44.19-PM-6.jpeg, https://administracionminini.com/wp-content/uploads/2022/08/WhatsApp-Image-2022-08-24-at-2.44.19-PM-4.jpeg, https://administracionminini.com/wp-content/uploads/2022/08/WhatsApp-Image-2022-08-24-at-2.44.19-PM-5.jpeg, https://administracionminini.com/wp-content/uploads/2022/08/WhatsApp-Image-2022-08-24-at-2.44.19-PM-1.jpeg, https://administracionminini.com/wp-content/uploads/2022/08/WhatsApp-Image-2022-08-24-at-2.44.19-PM-3.jpeg",,,,,,,,,0,,Localidades,"Nueva Atlantis",1,1,Operación,Venta,1,1,Servicios,"Agua corriente, Electricidad, Internet, Vídeo cable",1,1,Propiedad,Lote,1,1,,,,,,,,,,,,,,,,,,,,,,,,,,,,,,,,,,,,,,,,
3294,grouped,,,"Galpón + Casa | Buenos Aires y San Juan | Mar de Ajo",1,0,visible,,"ATENTOS INVERSORES!\n\nPropiedad ubicada a 50 mts de calle San Juan y a 2 cuadras del mar, en la localidad de Mar de Ajó. En la misma podemos encontrar un galpón utilizado para taller mecanico + casa en P.B de 3 ambientes con 2 dormitorios, cocina, living, baño, patio y parrilla cubierta con un total de 120mts².\n\nEn P.A podemos encontrar una segunda casa con detalles a terminar de 120mts², posee 3 habitaciones, 2 baños, cocina, comedor, living, balcón al frente, patio con parrilla y lavadero.\n\nSe escuchan ofertas.\n\nConsultanos!\n\n&nbsp;\n\n&nbsp;\n\n&nbsp;\n\n&nbsp;\n\n&nbsp;\n\n&nbsp;",,,taxable,,1,,,0,0,,,,,0,,,,Venta,,,"https://administracionminini.com/wp-content/uploads/2022/08/WhatsApp-Image-2022-07-29-at-10.58.08-AM-1.jpg, https://administracionminini.com/wp-content/uploads/2022/08/WhatsApp-Image-2022-07-29-at-10.58.11-AM.jpeg, https://administracionminini.com/wp-content/uploads/2022/08/WhatsApp-Image-2022-07-29-at-10.58.12-AM-1.jpeg, https://administracionminini.com/wp-content/uploads/2022/08/WhatsApp-Image-2022-07-29-at-10.58.12-AM.jpeg, https://administracionminini.com/wp-content/uploads/2022/08/WhatsApp-Image-2022-07-29-at-10.58.10-AM-1.jpeg, https://administracionminini.com/wp-content/uploads/2022/08/WhatsApp-Image-2022-07-29-at-10.58.10-AM.jpeg, https://administracionminini.com/wp-content/uploads/2022/08/WhatsApp-Image-2022-07-29-at-10.58.09-AM-1.jpeg, https://administracionminini.com/wp-content/uploads/2022/08/WhatsApp-Image-2022-07-29-at-10.58.08-AM.jpeg, https://administracionminini.com/wp-content/uploads/2022/08/WhatsApp-Image-2022-07-29-at-10.58.09-AM-2.jpeg, https://administracionminini.com/wp-content/uploads/2022/08/WhatsApp-Image-2022-07-29-at-10.58.06-AM.jpeg, https://administracionminini.com/wp-content/uploads/2022/08/WhatsApp-Image-2022-07-29-at-10.58.05-AM-1.jpeg, https://administracionminini.com/wp-content/uploads/2022/08/WhatsApp-Image-2022-07-29-at-10.58.05-AM.jpeg",,,,,,,,,0,,Operación,Venta,1,1,Propiedad,Inversión,1,1,Localidades,"Mar de Ajó",1,1,"Venta en Dolares","50.000 a 100.000",1,1,,,,,,,,,,,,,,,,,,,,,,,,,,,,,,,,,,,,,,,,
3357,simple,,,"Departamento| Francisco de las Carreras N° 70 | Mar de Ajo",1,1,visible,,"Departamento 2 ambientes a la venta, sobre calle Francisco de las Carreras a 50 mts de Avenida Libertador, 100m del Supermercado Coto (Pleno centro comercial) y a 3 cuadras del Mar. Posee doble balcón al frente y al contra-frente, cocina-comedor, 1 dormitorio y baño.\nMuy luminoso con amplios ventanales en 2° piso por escalera, se vende totalmebte amoblado!\nExcelente propuesta, tanto como inversión como para tener un departamento donde pasar tus vacaciones.\n\nNO ABONAN EXPENSAS!\n\nNo dudes en consultarnos!!!",,,taxable,,1,,,0,0,,,,,0,,,,Venta,,,,,,,,,,,,0,,"Cantidad de ambientes",2,1,1,"Estado de Propiedad","Muy bueno",1,1,Operación,Venta,1,1,Servicios,"Agua corriente, Electricidad, Internet, Vídeo cable",1,1,Propiedad,Departamento,1,1,Localidades,"Mar de Ajó",1,1,,,,,,,,,,,,,,,,,,,,,,,,,,,,,,,,
3553,simple,,,"Hotel| Almirante Brown N° 290 | Mar de Ajo",1,0,hidden,,"ATENCIÓN INVERSIONISTAS!\n\nHotel en desuso actualmente a reformar, ubicado a 3 cuadras del mar en la zona  barrio El Silvio, de la localidad de Mar De Ajo. La estructura en si se encuentra en muy buen estado, requiere reparaciones en cuanto a mampostería y pintura.\n\nPosee 2 plantas, con mas de 20 habitaciones, patio interno, amplio comedor, cocina con cámaras de frío, terraza al frente.\n\nSE ACEPTAN PROPIEDADES EN PARTE DE PAGO + EFECTIVO.\n\nCONSULTANOS!\n\n&nbsp;\n\n&nbsp;\n\n&nbsp;",,,taxable,,1,,,0,0,,,,,0,,,,Venta,,,"https://administracionminini.com/wp-content/uploads/2022/09/WhatsApp-Image-2022-09-21-at-10.26.41-AM-1.jpeg, https://administracionminini.com/wp-content/uploads/2022/09/WhatsApp-Image-2022-09-21-at-10.26.42-AM-1.jpeg, https://administracionminini.com/wp-content/uploads/2022/09/WhatsApp-Image-2022-09-21-at-10.26.51-AM-1.jpeg, https://administracionminini.com/wp-content/uploads/2022/09/WhatsApp-Image-2022-09-21-at-10.26.47-AM-1.jpeg, https://administracionminini.com/wp-content/uploads/2022/09/WhatsApp-Image-2022-09-21-at-10.26.48-AM-1.jpeg, https://administracionminini.com/wp-content/uploads/2022/09/WhatsApp-Image-2022-09-21-at-10.26.44-AM-1.jpeg, https://administracionminini.com/wp-content/uploads/2022/09/WhatsApp-Image-2022-09-21-at-10.26.50-AM-1.jpeg, https://administracionminini.com/wp-content/uploads/2022/09/WhatsApp-Image-2022-09-21-at-10.26.45-AM-1.jpeg",,,,,,,,,0,,Localidades,"Mar de Ajó",1,1,Operación,Venta,1,1,Propiedad,Inversión,1,1,"Estado de Propiedad",Bueno,1,1,Generales,"Agua caliente, Calefacción, Pavimento",1,1,,,,,,,,,,,,,,,,,,,,,,,,,,,,,,,,,,,,
3655,simple,,,"Complejo de Departamentos + Local | San Juan Esq. Buenos Aires | Mar de Ajo",1,0,hidden,,"Atención Inversores:\n\nSe encuentra a la venta 6 departamentos a estrenar mas Local Comercial, ubicados sobre calle San Juan Casi esq. Buenos a Aires a 1 cuadra del mar en la zona de Mar de Ajo Norte.\n\nIdeal para alquileres temporales, por otro lado se encuentra en Tramite la sub-división para que se puedan vender los departamentos individualmente a futuro.\n\nACEPTA PERMUTA Y SE OFRECE FINANCIACIÓN.\n\nCONSULTANOS.\n\n&nbsp;",,,taxable,,1,,,0,0,,,,,0,,,,Venta,,,"https://administracionminini.com/wp-content/uploads/2022/09/IMG_20220926_130434343_HDR-scaled.jpg, https://administracionminini.com/wp-content/uploads/2022/09/IMG_20220926_130418629_HDR-scaled.jpg, https://administracionminini.com/wp-content/uploads/2022/09/IMG_20220926_130434343_HDR-scaled.jpg, https://administracionminini.com/wp-content/uploads/2022/09/IMG_20220926_130352658-scaled.jpg, https://administracionminini.com/wp-content/uploads/2022/09/IMG_20220926_130251498-scaled.jpg, https://administracionminini.com/wp-content/uploads/2022/09/IMG_20220926_130303516_HDR-scaled.jpg, https://administracionminini.com/wp-content/uploads/2022/09/IMG_20220926_130549324_HDR-scaled.jpg, https://administracionminini.com/wp-content/uploads/2022/09/IMG_20220926_130830722_HDR-scaled.jpg",,,,,,,,,0,,Localidades,"Mar de Ajó",1,1,Operación,Venta,1,1,Propiedad,Inversión,1,1,"Estado de Propiedad","A estrenar",1,1,Servicios,"Agua corriente, Electricidad, Internet",1,1,,,,,,,,,,,,,,,,,,,,,,,,,,,,,,,,,,,,
3684,simple,,,"Lote| Calle 8 y calle 40 | San Clemente Del Tuyú",1,0,visible,,"<h4 class=""ui-pdp-title"">Excelente Terreno A La Venta En Plena Calle Comercial De San Clemente Del Tuyú.</h4>\n<table class=""andes-table"">\n<tbody class=""andes-table__body"">\n<tr class=""andes-table__row"">\n<th class=""andes-table__header andes-table__header--left ui-pdp-specs__table__column ui-pdp-specs__table__column-title"">Superficie total</th>\n<td class=""andes-table__column andes-table__column--left ui-pdp-specs__table__column""><span class=""andes-table__column--value"">285 m²</span></td>\n</tr>\n<tr class=""andes-table__row"">\n<th class=""andes-table__header andes-table__header--left ui-pdp-specs__table__column ui-pdp-specs__table__column-title"">Acceso</th>\n<td class=""andes-table__column andes-table__column--left ui-pdp-specs__table__column""><span class=""andes-table__column--value"">Tierra</span></td>\n</tr>\n<tr class=""andes-table__row"">\n<th class=""andes-table__header andes-table__header--left ui-pdp-specs__table__column ui-pdp-specs__table__column-title"">Metros de frente</th>\n<td class=""andes-table__column andes-table__column--left ui-pdp-specs__table__column""><span class=""andes-table__column--value"">10 m</span></td>\n</tr>\n<tr class=""andes-table__row"">\n<th class=""andes-table__header andes-table__header--left ui-pdp-specs__table__column ui-pdp-specs__table__column-title"">Metros de fondo</th>\n<td class=""andes-table__column andes-table__column--left ui-pdp-specs__table__column""><span class=""andes-table__column--value"">28.35 m</span></td>\n</tr>\n<tr class=""andes-table__row"">\n<th class=""andes-table__header andes-table__header--left ui-pdp-specs__table__column ui-pdp-specs__table__column-title"">Forma del terreno</th>\n<td class=""andes-table__column andes-table__column--left ui-pdp-specs__table__column""><span class=""andes-table__column--value"">Regular</span></td>\n</tr>\n<tr class=""andes-table__row"">\n<th class=""andes-table__header andes-table__header--left ui-pdp-specs__table__column ui-pdp-specs__table__column-title"">Disposición del lote</th>\n<td class=""andes-table__column andes-table__column--left ui-pdp-specs__table__column""><span class=""andes-table__column--value"">Perimetral</span></td>\n</tr>\n</tbody>\n</table>",,,taxable,,1,,,0,0,,,,,0,,,,Venta,,,"https://administracionminini.com/wp-content/uploads/2022/09/1.webp, https://administracionminini.com/wp-content/uploads/2022/09/5.webp, https://administracionminini.com/wp-content/uploads/2022/09/2.webp, https://administracionminini.com/wp-content/uploads/2022/09/3.webp, https://administracionminini.com/wp-content/uploads/2022/09/4.webp",,,,,,,,,0,,Localidades,"San Clemente del Tuyu",1,1,Operación,Venta,1,1,Propiedad,Lote,1,1,Servicios,"Agua corriente, Calefacción, Electricidad, Internet, Teléfono, Vídeo cable",1,1,,,,,,,,,,,,,,,,,,,,,,,,,,,,,,,,,,,,,,,,
3691,simple,,,"Lote| Calle 8 y 35 | San Clemente Del Tuyú",1,0,visible,,"<h4 class=""ui-pdp-title"">Gran Terreno En Esquina Con Calle Comercial En San Clemente Del Tuyú</h4>\n<table class=""andes-table"">\n<tbody class=""andes-table__body"">\n<tr class=""andes-table__row"">\n<th class=""andes-table__header andes-table__header--left ui-pdp-specs__table__column ui-pdp-specs__table__column-title"">Superficie total</th>\n<td class=""andes-table__column andes-table__column--left ui-pdp-specs__table__column""><span class=""andes-table__column--value"">211 m²</span></td>\n</tr>\n<tr class=""andes-table__row"">\n<th class=""andes-table__header andes-table__header--left ui-pdp-specs__table__column ui-pdp-specs__table__column-title"">Acceso</th>\n<td class=""andes-table__column andes-table__column--left ui-pdp-specs__table__column""><span class=""andes-table__column--value"">Tierra</span></td>\n</tr>\n<tr class=""andes-table__row"">\n<th class=""andes-table__header andes-table__header--left ui-pdp-specs__table__column ui-pdp-specs__table__column-title"">Metros de frente</th>\n<td class=""andes-table__column andes-table__column--left ui-pdp-specs__table__column""><span class=""andes-table__column--value"">12.21 m</span></td>\n</tr>\n<tr class=""andes-table__row"">\n<th class=""andes-table__header andes-table__header--left ui-pdp-specs__table__column ui-pdp-specs__table__column-title"">Metros de fondo</th>\n<td class=""andes-table__column andes-table__column--left ui-pdp-specs__table__column""><span class=""andes-table__column--value"">14.08 m</span></td>\n</tr>\n<tr class=""andes-table__row"">\n<th class=""andes-table__header andes-table__header--left ui-pdp-specs__table__column ui-pdp-specs__table__column-title"">Forma del terreno</th>\n<td class=""andes-table__column andes-table__column--left ui-pdp-specs__table__column""><span class=""andes-table__column--value"">Regular</span></td>\n</tr>\n<tr class=""andes-table__row"">\n<th class=""andes-table__header andes-table__header--left ui-pdp-specs__table__column ui-pdp-specs__table__column-title"">Disposición del lote</th>\n<td class=""andes-table__column andes-table__column--left ui-pdp-specs__table__column""><span class=""andes-table__column--value"">Perimetral</span></td>\n</tr>\n</tbody>\n</table>",,,taxable,,1,,,0,0,,,,,0,,,,Venta,,,"https://administracionminini.com/wp-content/uploads/2022/09/D_NQ_NP_2X_604354-MLA51760274302_092022-F.webp, https://administracionminini.com/wp-content/uploads/2022/09/D_NQ_NP_2X_785038-MLA51760317085_092022-F-1.webp, https://administracionminini.com/wp-content/uploads/2022/09/D_NQ_NP_2X_839799-MLA51760219574_092022-F-1.webp, https://administracionminini.com/wp-content/uploads/2022/09/D_NQ_NP_2X_839799-MLA51760219574_092022-F.webp, https://administracionminini.com/wp-content/uploads/2022/09/D_NQ_NP_2X_653464-MLA51760326051_092022-F.webp, https://administracionminini.com/wp-content/uploads/2022/09/D_NQ_NP_2X_747341-MLA51760188688_092022-F-1.webp, https://administracionminini.com/wp-content/uploads/2022/09/D_NQ_NP_2X_747341-MLA51760188688_092022-F.webp, https://administracionminini.com/wp-content/uploads/2022/09/D_NQ_NP_2X_853315-MLA51760249420_092022-F.webp",,,,,,,,,0,,Operación,Venta,1,1,Propiedad,Lote,1,1,Localidades,"San Clemente del Tuyu",1,1,,,,,,,,,,,,,,,,,,,,,,,,,,,,,,,,,,,,,,,,,,,,
3773,simple,,,"Departamento| Melón Gil N° 37 | Mar de Ajo",1,0,visible,,"Excelente departamento a estrenar 2 ambientes ubicado en 3° piso por ascensor al frente sobre calle Melón Gil, a 2 cuadras del centro comercial de Mar de Ajo y a 2 cuadras del Mar.\n\nPosee amplia cocina- comedor, baño, dormitorio y entre piso.\n\nTOTAL: 36²\n\nTodos los servicios: Gas natural, calefactores, ascensor.\n\nCONSULTANOS!",,,taxable,,1,,,0,0,,,,,0,,,,Venta,,,"https://administracionminini.com/wp-content/uploads/2022/10/WhatsApp-Image-2022-10-13-at-9.39.15-AM-3.jpeg, https://administracionminini.com/wp-content/uploads/2022/10/WhatsApp-Image-2022-10-13-at-11.45.48-AM.jpeg, https://administracionminini.com/wp-content/uploads/2022/10/WhatsApp-Image-2022-10-13-at-11.45.47-AM-2.jpeg, https://administracionminini.com/wp-content/uploads/2022/10/WhatsApp-Image-2022-10-13-at-11.45.47-AM.jpeg, https://administracionminini.com/wp-content/uploads/2022/10/WhatsApp-Image-2022-10-13-at-11.45.46-AM.jpeg, https://administracionminini.com/wp-content/uploads/2022/10/WhatsApp-Image-2022-10-13-at-9.39.24-AM.jpeg, https://administracionminini.com/wp-content/uploads/2022/10/WhatsApp-Image-2022-10-13-at-9.39.22-AM.jpeg, https://administracionminini.com/wp-content/uploads/2022/10/WhatsApp-Image-2022-10-13-at-9.39.21-AM.jpeg, https://administracionminini.com/wp-content/uploads/2022/10/WhatsApp-Image-2022-10-13-at-9.39.23-AM-1.jpeg, https://administracionminini.com/wp-content/uploads/2022/10/WhatsApp-Image-2022-10-13-at-9.39.20-AM-1.jpeg, https://administracionminini.com/wp-content/uploads/2022/10/WhatsApp-Image-2022-10-13-at-9.39.21-AM-1.jpeg, https://administracionminini.com/wp-content/uploads/2022/10/WhatsApp-Image-2022-10-13-at-9.39.20-AM.jpeg, https://administracionminini.com/wp-content/uploads/2022/10/WhatsApp-Image-2022-10-13-at-9.39.19-AM.jpeg, https://administracionminini.com/wp-content/uploads/2022/10/WhatsApp-Image-2022-10-13-at-9.39.18-AM-1.jpeg",,,,,,,,,0,,"Cantidad de ambientes",2,1,1,Localidades,"Mar de Ajó",1,1,Servicios,"Agua corriente, Calefacción, Electricidad, Gas natural, Vídeo cable",1,1,Operación,Venta,1,1,Propiedad,Departamento,1,1,"Estado de Propiedad","A estrenar",1,1,,,,,,,,,,,,,,,,,,,,,,,,,,,,,,,,
3789,simple,,,"Departamento| Melón Gil N° 37 | Mar de Ajo",1,0,visible,,"Excelente departamento a estrenar 3 ambientes ubicado en 3° piso por ascensor al frente sobre calle Melón Gil, a 2 cuadras del centro comercial de Mar de Ajo y a 2 cuadras del Mar.\n\nPosee amplia cocina - comedor, baño, dormitorio principal y amplio entre piso.\n\nTOTAL: 48.86M²\n\nTodos los servicios: Gas natural, calefactores, ascensor.\n\nCONSULTANOS!",,,taxable,,1,,,0,0,,,,,0,,,,Venta,,,"https://administracionminini.com/wp-content/uploads/2022/10/WhatsApp-Image-2022-10-13-at-9.39.22-AM-1.jpeg, https://administracionminini.com/wp-content/uploads/2022/10/WhatsApp-Image-2022-10-13-at-11.45.48-AM.jpeg, https://administracionminini.com/wp-content/uploads/2022/10/WhatsApp-Image-2022-10-13-at-11.45.47-AM-2.jpeg, https://administracionminini.com/wp-content/uploads/2022/10/WhatsApp-Image-2022-10-13-at-11.45.47-AM.jpeg, https://administracionminini.com/wp-content/uploads/2022/10/WhatsApp-Image-2022-10-13-at-11.45.46-AM.jpeg, https://administracionminini.com/wp-content/uploads/2022/10/WhatsApp-Image-2022-10-13-at-9.39.24-AM.jpeg, https://administracionminini.com/wp-content/uploads/2022/10/WhatsApp-Image-2022-10-13-at-9.39.22-AM.jpeg, https://administracionminini.com/wp-content/uploads/2022/10/WhatsApp-Image-2022-10-13-at-9.39.16-AM-1.jpeg, https://administracionminini.com/wp-content/uploads/2022/10/WhatsApp-Image-2022-10-13-at-9.39.20-AM-1.jpeg, https://administracionminini.com/wp-content/uploads/2022/10/WhatsApp-Image-2022-10-13-at-9.39.13-AM.jpeg, https://administracionminini.com/wp-content/uploads/2022/10/WhatsApp-Image-2022-10-13-at-9.39.14-AM.jpeg, https://administracionminini.com/wp-content/uploads/2022/10/WhatsApp-Image-2022-10-13-at-9.39.23-AM.jpeg, https://administracionminini.com/wp-content/uploads/2022/10/WhatsApp-Image-2022-10-13-at-9.39.14-AM-1.jpeg, https://administracionminini.com/wp-content/uploads/2022/10/WhatsApp-Image-2022-10-13-at-9.39.21-AM-1.jpeg, https://administracionminini.com/wp-content/uploads/2022/10/WhatsApp-Image-2022-10-13-at-9.39.23-AM-1.jpeg, https://administracionminini.com/wp-content/uploads/2022/10/WhatsApp-Image-2022-10-13-at-9.39.15-AM-4.jpeg, https://administracionminini.com/wp-content/uploads/2022/10/WhatsApp-Image-2022-10-13-at-9.39.20-AM.jpeg, https://administracionminini.com/wp-content/uploads/2022/10/WhatsApp-Image-2022-10-13-at-9.39.19-AM.jpeg, https://administracionminini.com/wp-content/uploads/2022/10/WhatsApp-Image-2022-10-13-at-9.39.18-AM-1.jpeg",,,,,,,,,0,,"Cantidad de ambientes",3,1,1,Localidades,"Mar de Ajó",1,1,Servicios,"Agua corriente, Calefacción, Electricidad, Gas natural, Vídeo cable",1,1,Operación,Venta,1,1,Propiedad,Departamento,1,1,"Estado de Propiedad","A estrenar",1,1,,,,,,,,,,,,,,,,,,,,,,,,,,,,,,,,
3816,simple,,,"PH | Calle N° 62 entre 8 y 9 | Mar del Tuyu",1,0,hidden,,"Departamento PH con muy pocos años de uso, posee amplia cocina, comedor, 2 dormitorios, baño, espacio guarda-coche y parrilla.\n<ul>\n 	<li>50M²</li>\n</ul>\nSE VENDE AMOBLADO!.\n\nCONSULTANOS SI TE INTERESA ESTA PROPIEDAD.",,,taxable,,1,,,0,0,,,,,0,,,,Venta,,,"https://administracionminini.com/wp-content/uploads/2022/10/WhatsApp-Image-2022-11-22-at-12.31.40-PM-1-2.jpeg, https://administracionminini.com/wp-content/uploads/2022/10/WhatsApp-Image-2022-11-22-at-12.31.40-PM-1-1.jpeg, https://administracionminini.com/wp-content/uploads/2022/10/WhatsApp-Image-2022-10-14-at-1.34.35-PM.jpeg, https://administracionminini.com/wp-content/uploads/2022/10/WhatsApp-Image-2022-10-14-at-1.34.36-PM-5.jpeg, https://administracionminini.com/wp-content/uploads/2022/10/WhatsApp-Image-2022-10-14-at-1.34.37-PM-2.jpeg, https://administracionminini.com/wp-content/uploads/2022/10/WhatsApp-Image-2022-10-14-at-1.34.36-PM-4.jpeg, https://administracionminini.com/wp-content/uploads/2022/10/WhatsApp-Image-2022-10-14-at-1.34.36-PM-3.jpeg, https://administracionminini.com/wp-content/uploads/2022/10/WhatsApp-Image-2022-10-14-at-1.34.37-PM.jpeg, https://administracionminini.com/wp-content/uploads/2022/10/WhatsApp-Image-2022-10-14-at-1.34.37-PM-1.jpeg, https://administracionminini.com/wp-content/uploads/2022/10/WhatsApp-Image-2022-10-14-at-1.34.36-PM-1.jpeg, https://administracionminini.com/wp-content/uploads/2022/10/WhatsApp-Image-2022-10-14-at-1.34.36-PM.jpeg",,,,,,,,,0,,"Estado de Propiedad","Muy bueno",1,1,Operación,Venta,1,1,Propiedad,PH,1,1,Localidades,"Mar del Tuyú",1,1,"Cantidad de ambientes",3,1,1,Dormitorios,2,1,1,,,,,,,,,,,,,,,,,,,,,,,,,,,,,,,,
3830,simple,,,"Departamento| Costanera  N° 3010| San Bernardo",1,0,hidden,,"Excelente Piso frente al mar sobre calle Costanera, a pocas cuadras del Centro Comercial de San Bernardo. El mismo cuenta con imponente vista al mar desde su amplio balcón en el 1° piso por ascensor en edificio de 1° Categoría Demor X.\n\nTotal: 128m²\n\nEl departamento posee amplia cocina, comedor, living, 3 dormitorios, 2 baños, lavadero y cochera cubierta, también cuenta con quincho de uso común.\n\nTODOS LOS SERVICIOS: Gas Natural, portero permanente, cámaras.\n\nSE VENDE AMOBLADO.\n\n&nbsp;\n\nCONSULTANOS POR ESTA INCREIBLE PROPIEDAD!",,,taxable,,1,,,0,0,,,,,0,,,,Venta,,,"https://administracionminini.com/wp-content/uploads/2022/10/WhatsApp-Image-2022-10-14-at-1.36.30-PM-3.jpeg, https://administracionminini.com/wp-content/uploads/2022/10/WhatsApp-Image-2022-10-14-at-1.36.29-PM.jpeg, https://administracionminini.com/wp-content/uploads/2022/10/WhatsApp-Image-2022-10-14-at-1.36.30-PM-15.jpeg, https://administracionminini.com/wp-content/uploads/2022/10/WhatsApp-Image-2022-10-14-at-1.36.27-PM.jpeg, https://administracionminini.com/wp-content/uploads/2022/10/WhatsApp-Image-2022-10-14-at-1.36.30-PM-2.jpeg, https://administracionminini.com/wp-content/uploads/2022/10/WhatsApp-Image-2022-10-14-at-1.36.30-PM-4.jpeg, https://administracionminini.com/wp-content/uploads/2022/10/WhatsApp-Image-2022-10-14-at-1.36.30-PM-6.jpeg, https://administracionminini.com/wp-content/uploads/2022/10/WhatsApp-Image-2022-10-14-at-1.36.29-PM-1.jpeg, https://administracionminini.com/wp-content/uploads/2022/10/WhatsApp-Image-2022-10-14-at-1.36.31-PM.jpeg, https://administracionminini.com/wp-content/uploads/2022/10/WhatsApp-Image-2022-10-14-at-1.36.30-PM-1.jpeg, https://administracionminini.com/wp-content/uploads/2022/10/WhatsApp-Image-2022-10-14-at-1.36.31-PM-6.jpeg, https://administracionminini.com/wp-content/uploads/2022/10/WhatsApp-Image-2022-10-14-at-1.36.30-PM-1-1.jpeg, https://administracionminini.com/wp-content/uploads/2022/10/WhatsApp-Image-2022-10-14-at-1.36.31-PM-4.jpeg, https://administracionminini.com/wp-content/uploads/2022/10/WhatsApp-Image-2022-10-14-at-1.36.31-PM-3.jpeg, https://administracionminini.com/wp-content/uploads/2022/10/WhatsApp-Image-2022-10-14-at-1.36.30-PM-12.jpeg, https://administracionminini.com/wp-content/uploads/2022/10/WhatsApp-Image-2022-10-14-at-1.36.30-PM-5.jpeg, https://administracionminini.com/wp-content/uploads/2022/10/WhatsApp-Image-2022-10-14-at-1.36.31-PM-7.jpeg, https://administracionminini.com/wp-content/uploads/2022/10/WhatsApp-Image-2022-10-14-at-1.36.31-PM-2.jpeg, https://administracionminini.com/wp-content/uploads/2022/10/WhatsApp-Image-2022-10-14-at-1.36.31-PM-5.jpeg, https://administracionminini.com/wp-content/uploads/2022/10/WhatsApp-Image-2022-10-14-at-1.36.30-PM-8.jpeg, https://administracionminini.com/wp-content/uploads/2022/10/WhatsApp-Image-2022-10-14-at-1.36.30-PM-7.jpeg, https://administracionminini.com/wp-content/uploads/2022/10/WhatsApp-Image-2022-10-14-at-1.38.56-PM-3.jpeg, https://administracionminini.com/wp-content/uploads/2022/10/WhatsApp-Image-2022-10-14-at-1.36.30-PM-13.jpeg, https://administracionminini.com/wp-content/uploads/2022/10/WhatsApp-Image-2022-10-14-at-1.36.30-PM-11.jpeg, https://administracionminini.com/wp-content/uploads/2022/10/WhatsApp-Image-2022-10-14-at-1.36.30-PM-9.jpeg, https://administracionminini.com/wp-content/uploads/2022/10/WhatsApp-Image-2022-10-14-at-1.36.30-PM-10.jpeg",,,,,,,,,0,,Ambientes,"Balcon, Baño, Cocina, Comedor, Dormitorio, Garage, Lavadero, Quincho",1,1,Propiedad,Departamento,1,1,Dormitorios,3,1,1,Servicios,"Agua corriente, Calefacción, Electricidad, Gas natural, Internet, Seguridad, Teléfono",1,1,Operación,Venta,1,1,Localidades,"San Bernardo",1,1,"Estado de Propiedad",Excelente,1,1,,,,,,,,,,,,,,,,,,,,,,,,,,,,
4050,simple,,,"Casa| Almirante Brown N° 287 | Mar de Ajo",1,0,visible,,"Espectacular casa sobre lote de 1400m² + dos dptos. + quincho y amplio garaje + piscina. La unidad principal cuenta, en planta baja, con dos living (Orientación norte y sur), cocina, comedor, 4 dormitorios, 2 baños y galería con comunicación entre sus ambientes. En planta alta cuenta con playroom, dos dormitorios, un baño y 1 baulera.\nEn un bloque separado encontramos dos dptos. (1 en planta baja y 1 en primer piso) de dos ambientes cada uno, constituidos por living comedor con cocina incorporada, un baño y un dormitorio.\nQuincho cubierto con parrilla, garage de generosas dimensiones con baño. Imponente parque con piscina de 12mts x 5 mts. Gas natural conectado.\nIdeal para la explotación como hostel, geriátrico, colonia de vacaciones, complejo turístico, etc.\nSe ofrece financiación a 5 años, sin interés los primeros dos años y con el 1% mensual para los tres años siguientes. Se escucha oferta de contado.",,,taxable,,1,,,0,0,,,,,0,,,,Venta,,,"https://administracionminini.com/wp-content/uploads/2023/01/WhatsApp-Image-2022-12-29-at-6.22.39-PM-3-1.jpeg, https://administracionminini.com/wp-content/uploads/2023/01/WhatsApp-Image-2022-12-29-at-6.22.29-PM-3.jpeg, https://administracionminini.com/wp-content/uploads/2023/01/WhatsApp-Image-2022-12-29-at-6.22.28-PM-3.jpeg, https://administracionminini.com/wp-content/uploads/2023/01/WhatsApp-Image-2022-12-29-at-6.22.28-PM-2.jpeg, https://administracionminini.com/wp-content/uploads/2023/01/WhatsApp-Image-2022-12-29-at-6.22.29-PM-2.jpeg, https://administracionminini.com/wp-content/uploads/2023/01/WhatsApp-Image-2022-12-29-at-6.22.25-PM-8.jpeg, https://administracionminini.com/wp-content/uploads/2023/01/WhatsApp-Image-2022-12-29-at-6.22.25-PM-6.jpeg, https://administracionminini.com/wp-content/uploads/2023/01/WhatsApp-Image-2022-12-29-at-6.22.26-PM-1.jpeg, https://administracionminini.com/wp-content/uploads/2023/01/WhatsApp-Image-2022-12-29-at-6.22.31-PM-4.jpeg, https://administracionminini.com/wp-content/uploads/2023/01/WhatsApp-Image-2022-12-29-at-6.22.30-PM-2.jpeg, https://administracionminini.com/wp-content/uploads/2023/01/WhatsApp-Image-2022-12-29-at-6.22.30-PM-3.jpeg, https://administracionminini.com/wp-content/uploads/2023/01/WhatsApp-Image-2022-12-29-at-6.22.31-PM-3.jpeg, https://administracionminini.com/wp-content/uploads/2023/01/WhatsApp-Image-2022-12-29-at-6.22.26-PM-6.jpeg, https://administracionminini.com/wp-content/uploads/2023/01/WhatsApp-Image-2022-12-29-at-6.22.26-PM-4.jpeg, https://administracionminini.com/wp-content/uploads/2023/01/WhatsApp-Image-2022-12-29-at-6.22.25-PM-7.jpeg, https://administracionminini.com/wp-content/uploads/2023/01/WhatsApp-Image-2022-12-29-at-6.22.24-PM-4.jpeg, https://administracionminini.com/wp-content/uploads/2023/01/WhatsApp-Image-2022-12-29-at-6.22.40-PM-1.jpeg, https://administracionminini.com/wp-content/uploads/2023/01/WhatsApp-Image-2022-12-29-at-6.22.23-PM-5.jpeg, https://administracionminini.com/wp-content/uploads/2023/01/WhatsApp-Image-2022-12-29-at-6.22.23-PM-4.jpeg, https://administracionminini.com/wp-content/uploads/2023/01/WhatsApp-Image-2022-12-29-at-6.22.23-PM-3.jpeg, https://administracionminini.com/wp-content/uploads/2023/01/WhatsApp-Image-2022-12-29-at-6.22.37-PM-2.jpeg, https://administracionminini.com/wp-content/uploads/2023/01/WhatsApp-Image-2022-12-29-at-6.22.35-PM-3.jpeg, https://administracionminini.com/wp-content/uploads/2023/01/WhatsApp-Image-2022-12-29-at-6.22.36-PM-1.jpeg, https://administracionminini.com/wp-content/uploads/2023/01/WhatsApp-Image-2022-12-29-at-6.22.35-PM-4.jpeg, https://administracionminini.com/wp-content/uploads/2023/01/WhatsApp-Image-2022-12-29-at-6.22.33-PM-4.jpeg, https://administracionminini.com/wp-content/uploads/2023/01/WhatsApp-Image-2022-12-29-at-6.22.34-PM-4.jpeg, https://administracionminini.com/wp-content/uploads/2023/01/WhatsApp-Image-2022-12-29-at-6.22.34-PM-3.jpeg, https://administracionminini.com/wp-content/uploads/2023/01/WhatsApp-Image-2022-12-29-at-6.22.39-PM-2.jpeg, https://administracionminini.com/wp-content/uploads/2023/01/WhatsApp-Image-2022-12-29-at-6.22.38-PM-2.jpeg, https://administracionminini.com/wp-content/uploads/2023/01/WhatsApp-Image-2022-12-29-at-6.22.38-PM-1.jpeg, https://administracionminini.com/wp-content/uploads/2023/01/WhatsApp-Image-2022-12-29-at-6.22.37-PM-3.jpeg, https://administracionminini.com/wp-content/uploads/2023/01/WhatsApp-Image-2022-12-29-at-6.22.37-PM-4.jpeg, https://administracionminini.com/wp-content/uploads/2023/01/WhatsApp-Image-2022-12-29-at-6.22.33-PM-3.jpeg",,,,,,,,,0,,Localidades,"Mar de Ajó",1,1,Operación,Venta,1,1,Propiedad,Inversión,1,1,"Estado de Propiedad","Muy bueno",1,1,,,,,,,,,,,,,,,,,,,,,,,,,,,,,,,,,,,,,,,,
4239,simple,,,"Casa| calle 94 N° 1614 | Mar de Tuyu",1,0,hidden,,"Ideal para Inversores!\n\n&nbsp;\n\nAmplia casa construida en lote de 411,50 mts² Totales, ubicada en barrio Residencial de Mar de tuyu a 100 mts del acceso a la localidad próximo a ruta Inter-balnearia.\n\nIdeal para vivienda permanente, a 15 cuadras del mar.\n\nEl lote presenta planos de construcción aprobados para amplia casa con parque, quincho y lavadero.\n\nTERMINACIONES CON CERRAMIENTOS EN ALUMINIO Y DOBLE VIDRIO.\n\nSISTEMA PREPARADO PARA CALEFACCION POR LOSA RADIANTE.\n\nSISTEMA PARA ABLANDAMIENTO DEL AGUA.\n\nCONSULTANOS!!!",,,taxable,,1,,,0,0,,,,,0,,,,Venta,,,"https://administracionminini.com/wp-content/uploads/2023/01/WhatsApp-Image-2023-01-05-at-4.17.35-PM.jpeg, https://administracionminini.com/wp-content/uploads/2023/01/WhatsApp-Image-2023-01-05-at-4.14.26-PM.jpeg, https://administracionminini.com/wp-content/uploads/2023/01/WhatsApp-Image-2023-01-04-at-2.19.41-PM-1.jpeg, https://administracionminini.com/wp-content/uploads/2023/01/WhatsApp-Image-2023-01-04-at-2.19.45-PM-1-1.jpeg, https://administracionminini.com/wp-content/uploads/2023/01/WhatsApp-Image-2023-01-04-at-2.19.50-PM.jpeg, https://administracionminini.com/wp-content/uploads/2023/01/WhatsApp-Image-2023-01-04-at-2.19.48-PM.jpeg, https://administracionminini.com/wp-content/uploads/2023/01/WhatsApp-Image-2023-01-04-at-2.19.46-PM-2-1.jpeg, https://administracionminini.com/wp-content/uploads/2023/01/WhatsApp-Image-2023-01-04-at-2.19.43-PM.jpeg, https://administracionminini.com/wp-content/uploads/2023/01/WhatsApp-Image-2023-01-04-at-2.19.42-PM-1.jpeg, https://administracionminini.com/wp-content/uploads/2023/01/WhatsApp-Image-2023-01-04-at-2.19.44-PM-5.jpeg, https://administracionminini.com/wp-content/uploads/2023/01/1.jpeg, https://administracionminini.com/wp-content/uploads/2023/01/2.jpeg, https://administracionminini.com/wp-content/uploads/2023/01/3.jpeg",,,,,,,,,0,,Localidades,"Mar del Tuyú",1,1,Propiedad,Casa,1,1,Operación,Venta,1,1,"Estado de Propiedad","A TERMINAR",1,1,,,,,,,,,,,,,,,,,,,,,,,,,,,,,,,,,,,,,,,,
4273,simple,,,"Lote| Falkner N° 1960 | San Bernardo",1,0,visible,,"Lotes a la Venta en Manzana 230 de la Localidad de San Bernardo del Tuyu, ubicada sobre ruta Inter-balnearia, en el ingreso a dicha Localidad, sobre calle asfaltada.\n\nLos Lotes van desde los U$S 24.000 (600mts²)  a los U$S 60.000 (720mts²)\n\nZONA EN AUGE!\n\nLos lotes van desde 405mts² hasta 736mts².\n\nFINANCIACION DIRECTA, CONSULTE POR SU PLAN DE PAGOS!\n\n&nbsp;",,,taxable,,1,,,0,0,,,,,0,,,,Venta,,,"https://administracionminini.com/wp-content/uploads/2023/01/WhatsApp-Image-2023-01-06-at-12.46.32-PM.jpeg, https://administracionminini.com/wp-content/uploads/2023/01/WhatsApp-Image-2023-01-06-at-12.46.32-PM.jpeg, https://administracionminini.com/wp-content/uploads/2023/01/WhatsApp-Image-2023-01-06-at-12.46.33-PM.jpeg, https://administracionminini.com/wp-content/uploads/2023/01/WhatsApp-Image-2023-01-06-at-12.46.33-PM-1.jpeg, https://administracionminini.com/wp-content/uploads/2023/01/plano-juan-5-pdf.jpg",,,,,,,,,0,,Propiedad,Lote,1,1,Localidades,"San Bernardo",1,1,Operación,Venta,1,1,,,,,,,,,,,,,,,,,,,,,,,,,,,,,,,,,,,,,,,,,,,,
4290,simple,,,"Duplex| Calle N° 21 N° 2740 | San Bernardo",1,0,visible,,"<div class=""titulo2"">DESCRIPCIÓN</div>\n&nbsp;\n\nDuplex ubicado sobre calle 21,de la ciudad balnearia de San Bernardo, a metros de una de las  Avenidas principales y a 600 metros de la entrada principal a la ciudad.\n\nEn la zona donde esta situado,es un lugar ideal para el descanso y vivienda permanente a metros también de la conocida escuela secundaria EES 4 "" Francisco P. Moreno"" .\n\nEn las cercanías se encuentra una conocida cancha de padel ""Arena 21 padel"",como así también la "" Capilla de Cacupe""\n\nMuy cerca de la terminal de ómnibus.\n\nEn una mayoría los residentes del lugar son permanentes.\n\nEn su construcción cuenta con:\n\n* Dos habitaciones\n\n* Cocina\n\n* Living-comedor\n\n* Baño completo(uno)\n\n* Toilette\n\n* Lavadero\n\n* Patio\n\n* Parrilla\n\n* Espacio vehicular para mas de un vehículo.\n\n¡¡CONSULTE PARA MAYOR INFORMACIÓN!!\n\n&nbsp;",,,taxable,,1,,,0,0,,,,,0,,,,Venta,,,"https://administracionminini.com/wp-content/uploads/2023/01/3-1.jpg, https://administracionminini.com/wp-content/uploads/2023/01/2-3.jpg, https://administracionminini.com/wp-content/uploads/2023/01/WhatsApp-Image-2022-12-21-at-7.43.40-PM.jpeg, https://administracionminini.com/wp-content/uploads/2023/01/WhatsApp-Image-2022-12-21-at-7.43.42-PM-1.jpeg, https://administracionminini.com/wp-content/uploads/2023/01/WhatsApp-Image-2022-12-21-at-7.43.42-PM-3.jpeg, https://administracionminini.com/wp-content/uploads/2023/01/WhatsApp-Image-2022-12-21-at-7.43.41-PM-1.jpeg, https://administracionminini.com/wp-content/uploads/2023/01/WhatsApp-Image-2022-12-21-at-7.43.41-PM-2.jpeg, https://administracionminini.com/wp-content/uploads/2023/01/WhatsApp-Image-2022-12-21-at-7.43.42-PM.jpeg, https://administracionminini.com/wp-content/uploads/2023/01/WhatsApp-Image-2022-12-21-at-7.43.43-PM-1-1.jpeg, https://administracionminini.com/wp-content/uploads/2023/01/7-1.jpg, https://administracionminini.com/wp-content/uploads/2023/01/WhatsApp-Image-2022-12-21-at-7.43.44-PM-3.jpeg, https://administracionminini.com/wp-content/uploads/2023/01/WhatsApp-Image-2022-12-21-at-7.43.44-PM-2.jpeg",,,,,,,,,0,,Localidades,"San Bernardo",1,1,"Estado de Propiedad",Bueno,1,1,Operación,Venta,1,1,Servicios,"Agua corriente, Calefacción, Electricidad, Gas natural",1,1,Propiedad,Duplex,1,1,,,,,,,,,,,,,,,,,,,,,,,,,,,,,,,,,,,,
4403,simple,,,"JACO VIII | Mendoza N° 3909 | Costa Azul",1,0,visible,,"<u><strong>EDIFICIO JACO VIII - OPORTUNIDAD EN POZO</strong></u>\nEdificio de 15 unidades funcionales.\nDepartamentos de 2 y 3 ambientes de categoria.\n\n<strong><u>UBICACIÓN:</u></strong>\nMendoza 3919, Costa Azul, Partido de La Costa.\nExcelente ubicación.\nZona comercial.\nA 1 Cuadra del Mar!!\n\n<u><strong>Comodidades:</strong></u>\n\n<strong>DEPARTAMENTOS TIPO ""A""</strong>\nDormitorio principal\nSegundo dormitorio\nBaño\nLiving comedor\nEspacio de cocina\nBalcón con vista al mar\n\n<strong>DEPARTAMENTOS TIPO ""B""</strong>\nDormitorio principal\nSegundo dormitorio\nBaño con ante baño\nLiving comedor\nEspacio de cocina\nBalcón frente\n\n<strong>DEPARTAMENTOS TIPO ""C"":</strong>\nDormitorio\nBaño\nAnte baño\nLiving comedor\nEspacio de cocina\nBalcón con vista al mar\n\n<strong>Se entrega con:</strong>\nPisos de porcelanato 60×60\nArtefacto de baño marca capea\nGriferías de primera marca\nVanitory colgante\nCocina y termotanque eléctrico\nBajo mesada\nMesada gris mara\nAberturas línea Moderna\nPuertas Oblak\n\n<strong>UNIDADES DISPONIBLE\n\n1ºpiso Depto. ""A"" 3amb. contrafrente lateral __________________U$D 50.000\n1ºpiso Depto. ""B"" 3amb. frente calle Mendoza________________ VENDIDO\n1ºpiso Depto. ""C"" 2AMB. C/ COCHERA INCLUIDA_____________VENDIDO\n\n2ºpiso Depto. ""A"" 3amb. contrafrente lateral c/ vista al mar______CONSULTAR\n2ºpiso Depto. ""B"" 3amb. frente calle Mendoza_____________ U$D 50.000 SIN COCHERA\n2ºpiso Depto. ""C"" 2amb. contra frente c/ vista al mar__________ RESERVADO\n\n3ºpiso Depto. ""A"" 3amb. contrafrente lateral c/ vista al mar______ U$D 55.000 SIN COCHERA\n3ºpiso Depto. ""B"" 3amb. frente calle Mendoza________________ VENDIDO\n3ºpiso Depto. ""C"" 2amb. contra frente c/ vista al mar___________ USD 50.000 SIN COCHERA\n\nCOCHERA descubierta________________U$D 5.0000\nCOCHERA cubierta___________________U$D 8.0000\n\nANTICIPO DEL 30% CON FIRMA DE BOLETO Y SALDO RESTANTE HASTA EN 24 CUOTAS\n\nENTREGA DICIEMBRE 2025</strong>\n\n<strong>Escuchamos tu propuesta\nAceptamos vehículos en parte de pago\nFinanciamos a convenir</strong>",,,taxable,,1,,,0,0,,,,,0,,,,Venta,,,"https://administracionminini.com/wp-content/uploads/2023/01/00568325-01.jpg, https://administracionminini.com/wp-content/uploads/2023/01/00568325-03.jpg, https://administracionminini.com/wp-content/uploads/2023/01/00568325-04.jpg, https://administracionminini.com/wp-content/uploads/2023/01/00568325-05.jpg, https://administracionminini.com/wp-content/uploads/2023/01/WhatsApp-Image-2024-04-18-at-10.55.01-1.jpeg, https://administracionminini.com/wp-content/uploads/2023/01/WhatsApp-Image-2024-04-18-at-10.55.02-1.jpeg, https://administracionminini.com/wp-content/uploads/2023/01/WhatsApp-Image-2024-04-18-at-10.55.05.jpeg, https://administracionminini.com/wp-content/uploads/2023/01/WhatsApp-Image-2024-04-18-at-10.55.04.jpeg, https://administracionminini.com/wp-content/uploads/2023/01/WhatsApp-Image-2024-04-18-at-10.55.06-1.jpeg, https://administracionminini.com/wp-content/uploads/2023/01/WhatsApp-Image-2024-04-18-at-10.55.02.jpeg, https://administracionminini.com/wp-content/uploads/2023/01/Scan_page-0001-2-rotated.jpg, https://administracionminini.com/wp-content/uploads/2023/01/10_page-0001-1-rotated.jpg",,,,,,,,,0,,Operación,Venta,1,1,Propiedad,Emprendimientos,1,1,"Cantidad de ambientes",3,1,1,Localidades,"Costa Azul",1,1,"Estado de Propiedad","EN POZO",1,1,,,,,,,,,,,,,,,,,,,,,,,,,,,,,,,,,,,,
4620,simple,,,"Departamento| Catamarca N° 2025| San Bernardo",1,1,visible,,"<strong>Departamento 2 ambientes a estrenar a 4 cuadras el mar.</strong>\n\nUltima Unidad disponible!!!\n\nExcelente departamento dos ambientes, ubicado en 2 piso por escalera a estrenar, con amplio balcón interno, ubicado a 4 cuadras del mar en zona muy agradable de San Bernardo. Posee termo eléctrico y placares de melamina, piso de porcelanato. El edificio es todo eléctrico, expensas bajas.\n\nCUENTA CON PARRILLA, LAVADERO Y QUINCHO EN LA TERRAZA DE USO COMPARTIDO.\n\n&nbsp;",,,taxable,,1,,,0,0,,,,,0,,,,Venta,,,"https://administracionminini.com/wp-content/uploads/2023/04/WhatsApp-Image-2023-03-29-at-3.29.39-PM-1.jpeg, https://administracionminini.com/wp-content/uploads/2023/04/WhatsApp-Image-2023-03-29-at-3.23.49-PM-1.jpeg, https://administracionminini.com/wp-content/uploads/2023/04/WhatsApp-Image-2023-03-29-at-3.12.40-PM-1.jpeg, https://administracionminini.com/wp-content/uploads/2023/04/WhatsApp-Image-2023-03-29-at-3.23.49-PM.jpeg, https://administracionminini.com/wp-content/uploads/2023/04/WhatsApp-Image-2023-03-30-at-10.39.31-AM-7.jpeg, https://administracionminini.com/wp-content/uploads/2023/04/WhatsApp-Image-2023-03-29-at-3.12.41-PM.jpeg, https://administracionminini.com/wp-content/uploads/2023/04/WhatsApp-Image-2023-03-29-at-3.29.32-PM-2.jpeg, https://administracionminini.com/wp-content/uploads/2023/04/WhatsApp-Image-2023-03-29-at-3.29.28-PM.jpeg, https://administracionminini.com/wp-content/uploads/2023/04/WhatsApp-Image-2023-03-29-at-3.29.29-PM-1.jpeg, https://administracionminini.com/wp-content/uploads/2023/04/WhatsApp-Image-2023-03-29-at-3.29.26-PM-3.jpeg, https://administracionminini.com/wp-content/uploads/2023/04/WhatsApp-Image-2023-03-29-at-3.29.27-PM-1.jpeg, https://administracionminini.com/wp-content/uploads/2023/04/WhatsApp-Image-2023-03-29-at-3.29.28-PM-1.jpeg",,,,,,,,,0,,Dormitorios,1,1,1,Localidades,"San Bernardo",1,1,"Estado de Propiedad","A estrenar",1,1,Operación,Venta,1,1,Ambientes,"Balcon, Cocina, Cocina-comedor, Dormitorio",1,1,Propiedad,Departamento,1,1,,,,,,,,,,,,,,,,,,,,,,,,,,,,,,,,
4646,simple,,,"Departamento| Catamarca N° 2025| San Bernardo",1,0,visible,,"Excelente departamento dos ambientes, ubicado en 2 piso por escalera a estrenar, con amplio balcón al frente sobre calle Catamarca y balcón al contra-frente, ubicado a 4 cuadras del mar en zona muy agradable de San Bernardo. Posee termo eléctrico y placares de melamina, piso de porcelanato. El edificio es todo eléctrico, y no abonan expensas.\n\nCONSULTANOS PARA MAS INFO!",,,taxable,,1,,,0,0,,,,,0,,,,Venta,,,"https://administracionminini.com/wp-content/uploads/2023/04/WhatsApp-Image-2023-03-30-at-10.39.28-AM-3-1.jpeg, https://administracionminini.com/wp-content/uploads/2023/04/WhatsApp-Image-2023-03-30-at-10.39.29-AM-2.jpeg, https://administracionminini.com/wp-content/uploads/2023/04/WhatsApp-Image-2023-03-30-at-10.39.29-AM-1.jpeg, https://administracionminini.com/wp-content/uploads/2023/04/WhatsApp-Image-2023-03-30-at-10.39.25-AM.jpeg, https://administracionminini.com/wp-content/uploads/2023/04/WhatsApp-Image-2023-03-30-at-10.39.30-AM-3.jpeg, https://administracionminini.com/wp-content/uploads/2023/04/WhatsApp-Image-2023-03-30-at-10.39.30-AM-1.jpeg, https://administracionminini.com/wp-content/uploads/2023/04/WhatsApp-Image-2023-03-30-at-10.39.31-AM-2.jpeg, https://administracionminini.com/wp-content/uploads/2023/04/WhatsApp-Image-2023-03-29-at-3.29.29-PM-1.jpeg, https://administracionminini.com/wp-content/uploads/2023/04/WhatsApp-Image-2023-03-30-at-10.39.16-AM-1-1.jpeg, https://administracionminini.com/wp-content/uploads/2023/04/WhatsApp-Image-2023-03-29-at-3.29.26-PM-3.jpeg, https://administracionminini.com/wp-content/uploads/2023/04/WhatsApp-Image-2023-03-29-at-3.29.28-PM-1.jpeg, https://administracionminini.com/wp-content/uploads/2023/04/WhatsApp-Image-2023-03-29-at-3.29.27-PM-1.jpeg",,,,,,,,,0,,Operación,Venta,1,1,"Estado de Propiedad","A estrenar",1,1,Propiedad,Departamento,1,1,Dormitorios,2,1,1,Localidades,"San Bernardo",1,1,,,,,,,,,,,,,,,,,,,,,,,,,,,,,,,,,,,,
4676,simple,,,"Lote|Lopez Calvetti y Chascomus| Mar de Ajo",1,0,hidden,,"<strong>Media Manzana a la venta en Mar de Ajo</strong>\n\nExcelente lote en barrio privado San Rafael, ideal para vivienda permanente. Todos los servicios!!\nMEDIDAS: 15X40 600MTS²\nCONSULTANOS!",,,taxable,,1,,,0,0,,,,,0,,,,Venta,,,"https://administracionminini.com/wp-content/uploads/2023/04/WhatsApp-Image-2023-03-30-at-3.33.28-PM.jpeg, https://administracionminini.com/wp-content/uploads/2023/04/WhatsApp-Image-2023-03-30-at-3.33.29-PM.jpeg, https://administracionminini.com/wp-content/uploads/2023/04/WhatsApp-Image-2023-03-30-at-3.33.28-PM-2.jpeg, https://administracionminini.com/wp-content/uploads/2023/04/WhatsApp-Image-2023-03-30-at-3.33.29-PM-1.jpeg, https://administracionminini.com/wp-content/uploads/2023/04/WhatsApp-Image-2023-03-30-at-3.33.28-PM-1.jpeg",,,,,,,,,0,,Propiedad,Lote,1,1,Operación,Venta,1,1,Localidades,"Mar de Ajó",1,1,Servicios,"Agua corriente, Electricidad, Vídeo cable",1,1,,,,,,,,,,,,,,,,,,,,,,,,,,,,,,,,,,,,,,,,
4833,simple,,,"Departamento| Costanera N° 1984| San Bernardo",1,0,visible,,"Departamento monoambiente ubicado en 2° piso por escalera, sobre calle Costanera frente al mar y a 1 cuadra del Centro Comercial de San Bernardo, posee cocina con dormitorio integrado y baño.\nSe vende totalmente equipado y amoblado, cloacas de cocina y baño todo hecho a nuevo, también tiene la instalación para cuando el edificio se pueda conectar al gas natural.\n\nConsultanos!",,,taxable,,1,,,0,0,,,,,0,,,,Venta,,,"https://administracionminini.com/wp-content/uploads/2023/05/WhatsApp-Image-2022-09-14-at-3.00.47-PM.jpeg, https://administracionminini.com/wp-content/uploads/2023/05/WhatsApp-Image-2022-09-14-at-3.00.39-PM-3.jpeg, https://administracionminini.com/wp-content/uploads/2023/05/WhatsApp-Image-2022-09-14-at-3.00.43-PM.jpeg, https://administracionminini.com/wp-content/uploads/2023/05/WhatsApp-Image-2022-09-14-at-3.00.42-PM.jpeg, https://administracionminini.com/wp-content/uploads/2023/05/WhatsApp-Image-2022-09-14-at-3.00.38-PM-1.jpeg, https://administracionminini.com/wp-content/uploads/2023/05/WhatsApp-Image-2022-09-12-at-11.28.03-AM-1.jpeg, https://administracionminini.com/wp-content/uploads/2023/05/WhatsApp-Image-2022-09-12-at-11.28.04-AM.jpeg, https://administracionminini.com/wp-content/uploads/2023/05/WhatsApp-Image-2022-09-12-at-11.28.08-AM.jpeg, https://administracionminini.com/wp-content/uploads/2023/05/WhatsApp-Image-2022-09-12-at-11.26.41-AM.jpeg, https://administracionminini.com/wp-content/uploads/2023/05/WhatsApp-Image-2022-09-14-at-3.00.55-PM.jpeg, https://administracionminini.com/wp-content/uploads/2023/05/WhatsApp-Image-2022-09-14-at-3.00.49-PM-1.jpeg, https://administracionminini.com/wp-content/uploads/2023/05/WhatsApp-Image-2022-09-14-at-3.00.53-PM-1.jpeg, https://administracionminini.com/wp-content/uploads/2023/05/WhatsApp-Image-2022-09-14-at-3.00.53-PM.jpeg",,,,,,,,,0,,Propiedad,Departamento,1,1,Localidades,"San Bernardo",1,1,"Estado de Propiedad","Muy bueno",1,1,Operación,Venta,1,1,,,,,,,,,,,,,,,,,,,,,,,,,,,,,,,,,,,,,,,,
5237,simple,,,"Departamento| Mitre N° 2530| San Bernardo",1,1,visible,,"Excelente departamento de 2 ambientes, ubicado sobre calle Mitre a 5 cuadras del mar y en 1° por escalera.\nEl Departamento cuenta con cocina- comedor, balcón al frente, baño y dormitorio principal.\nTodos los servicios, gas natural, se vende amoblado.\n\nCONSULTANOS.!!!",,,taxable,,1,,,0,0,,,,,0,,,,Venta,,,"https://administracionminini.com/wp-content/uploads/2023/12/WhatsApp-Image-2023-12-05-at-10.48.25-2.jpeg, https://administracionminini.com/wp-content/uploads/2023/12/WhatsApp-Image-2023-12-05-at-10.48.23.jpeg, https://administracionminini.com/wp-content/uploads/2023/12/WhatsApp-Image-2023-12-05-at-10.48.26-1.jpeg, https://administracionminini.com/wp-content/uploads/2023/12/WhatsApp-Image-2023-08-09-at-16.09.40.jpeg",,,,,,,,,0,,"Apto Crédito",No,1,1,"Cantidad de ambientes",2,1,1,"Estado de Propiedad","Muy bueno",1,1,Localidades,"San Bernardo",1,1,Operación,Venta,1,1,Propiedad,Departamento,1,1,Servicios,"Agua corriente, Calefacción, Electricidad, Gas natural",1,1,,,,,,,,,,,,,,,,,,,,,,,,,,,,
5408,simple,,,"Departamento| Av. San Bernardo y Catamarca | San Bernardo",1,0,visible,,,,,taxable,,1,,,0,0,,,,,0,,,,Venta,,,"https://administracionminini.com/wp-content/uploads/2024/02/WhatsApp-Image-2024-01-31-at-18.34.31-1.jpeg, https://administracionminini.com/wp-content/uploads/2024/02/WhatsApp-Image-2024-01-31-at-18.34.37.jpeg, https://administracionminini.com/wp-content/uploads/2024/02/WhatsApp-Image-2024-01-31-at-18.34.37-1.jpeg, https://administracionminini.com/wp-content/uploads/2024/02/WhatsApp-Image-2024-01-31-at-18.34.34.jpeg, https://administracionminini.com/wp-content/uploads/2024/02/WhatsApp-Image-2024-01-31-at-18.34.28.jpeg, https://administracionminini.com/wp-content/uploads/2024/02/21.jpg, https://administracionminini.com/wp-content/uploads/2024/02/WhatsApp-Image-2024-01-31-at-18.34.25.jpeg, https://administracionminini.com/wp-content/uploads/2024/02/WhatsApp-Image-2024-01-31-at-18.34.21.jpeg, https://administracionminini.com/wp-content/uploads/2024/02/WhatsApp-Image-2024-01-31-at-18.34.41.jpeg, https://administracionminini.com/wp-content/uploads/2024/02/WhatsApp-Image-2024-01-31-at-18.34.40.jpeg, https://administracionminini.com/wp-content/uploads/2024/02/WhatsApp-Image-2024-01-31-at-18.34.42.jpeg, https://administracionminini.com/wp-content/uploads/2024/02/WhatsApp-Image-2024-01-31-at-18.34.44.jpeg, https://administracionminini.com/wp-content/uploads/2024/02/450cf2bf-0a1a-4250-92f9-45da1a427059.jpg, https://administracionminini.com/wp-content/uploads/2024/02/WhatsApp-Image-2024-01-31-at-18.34.17.jpeg, https://administracionminini.com/wp-content/uploads/2024/02/WhatsApp-Image-2024-01-31-at-18.34.19.jpeg, https://administracionminini.com/wp-content/uploads/2024/02/WhatsApp-Image-2024-01-31-at-18.33.56.jpeg",,,,,,,,,0,,Ambientes,"Baño, Cocina-comedor, Dormitorio",1,1,"Estado de Propiedad",Bueno,1,1,Localidades,"San Bernardo",1,1,Operación,Venta,1,1,Propiedad,Departamento,1,1,Servicios,"Agua corriente, Calefacción, Electricidad, Internet, Vídeo cable",1,1,,,,,,,,,,,,,,,,,,,,,,,,,,,,,,,,
5444,simple,,,"Departamento | Sarmiento N° 107 | Mar de Ajo",1,0,visible,,"Excelente Departamento 2 ambientes a estrenar, ubicado sobre calle Sarmiento a 1 cuadra del mar con balcón al frente en 2° piso por escalera.\nEl departamento cuenta con cocina-comedor, dormitorio principal con placard, baño y balcón....\nVista parcial al mar, se vende totalmente amoblado como se observa en las fotos.\nIMPERDIBLE UBICACIÓN!!!....\n\nCONSULTANOS SI TE INTERESA ESTA PROPIEDAD!!!.",,,taxable,,1,,,0,0,,,,,0,,,,Venta,,,"https://administracionminini.com/wp-content/uploads/2024/02/WhatsApp-Image-2024-01-17-at-11.13.19-1-scaled.jpeg, https://administracionminini.com/wp-content/uploads/2024/02/WhatsApp-Image-2024-01-17-at-11.13.19-scaled.jpeg, https://administracionminini.com/wp-content/uploads/2024/02/WhatsApp-Image-2024-01-17-at-11.13.19-1-scaled.jpeg, https://administracionminini.com/wp-content/uploads/2024/02/WhatsApp-Image-2024-01-17-at-11.13.15-1-scaled.jpeg, https://administracionminini.com/wp-content/uploads/2024/02/WhatsApp-Image-2024-01-17-at-11.13.18-2-scaled.jpeg, https://administracionminini.com/wp-content/uploads/2024/02/WhatsApp-Image-2024-01-17-at-11.13.17-scaled.jpeg, https://administracionminini.com/wp-content/uploads/2024/02/WhatsApp-Image-2024-01-17-at-11.13.18-1-scaled.jpeg, https://administracionminini.com/wp-content/uploads/2024/02/WhatsApp-Image-2024-01-17-at-11.13.18-scaled.jpeg, https://administracionminini.com/wp-content/uploads/2024/02/WhatsApp-Image-2024-01-17-at-11.13.21-1-scaled.jpeg, https://administracionminini.com/wp-content/uploads/2024/02/WhatsApp-Image-2024-01-27-at-11.09.21-scaled.jpeg, https://administracionminini.com/wp-content/uploads/2024/02/WhatsApp-Image-2024-01-27-at-11.09.22-scaled.jpeg, https://administracionminini.com/wp-content/uploads/2024/02/WhatsApp-Image-2024-01-27-at-11.09.23-scaled.jpeg, https://administracionminini.com/wp-content/uploads/2024/02/WhatsApp-Image-2024-01-27-at-11.09.22-1-scaled.jpeg",,,,,,,,,0,,Ambientes,"Balcon, Baño, Comedor, Dormitorio",1,1,"Estado de Propiedad","A estrenar",1,1,Localidades,"Mar de Ajó",1,1,Operación,Venta,1,1,Propiedad,Departamento,1,1,,,,,,,,,,,,,,,,,,,,,,,,,,,,,,,,,,,,
5457,simple,,,"Departamento | Sarmiento N° 107 | Mar de Ajo",1,0,visible,,"&nbsp;\n\nDepartamento de 3 ambientes a estrenar con balón al frente sobre calle Sarmiento, a 100mts. del mar y próximo al centro Comercial de Mar de Ajo.\n\n67mts²\nEl inmueble cuenta con cocina-comedor, 2 dormitorios ambos con placard, baño, patio interno y balcón.\nSe vende totalmente amoblado, 1° piso por escalera, detalles de 1° categoría.\n\nCONSULTANOS SI TE INTERESA ESTA PROPIEDAD.",,,taxable,,1,,,0,0,,,,,0,,,,Venta,,,"https://administracionminini.com/wp-content/uploads/2024/02/WhatsApp-Image-2024-01-17-at-11.13.14-scaled.jpeg, https://administracionminini.com/wp-content/uploads/2024/02/WhatsApp-Image-2024-01-17-at-11.13.19-scaled.jpeg, https://administracionminini.com/wp-content/uploads/2024/02/WhatsApp-Image-2024-01-17-at-11.13.15-1-scaled.jpeg, https://administracionminini.com/wp-content/uploads/2024/02/WhatsApp-Image-2024-01-17-at-11.13.18-2-scaled.jpeg, https://administracionminini.com/wp-content/uploads/2024/02/WhatsApp-Image-2024-01-17-at-11.13.17-scaled.jpeg, https://administracionminini.com/wp-content/uploads/2024/02/WhatsApp-Image-2024-01-17-at-11.13.15-scaled.jpeg, https://administracionminini.com/wp-content/uploads/2024/02/WhatsApp-Image-2024-01-17-at-11.13.18-scaled.jpeg, https://administracionminini.com/wp-content/uploads/2024/02/WhatsApp-Image-2024-01-17-at-11.13.18-1-scaled.jpeg, https://administracionminini.com/wp-content/uploads/2024/02/WhatsApp-Image-2024-01-17-at-11.13.20-1-scaled.jpeg, https://administracionminini.com/wp-content/uploads/2024/02/WhatsApp-Image-2024-01-17-at-11.13.20-2-scaled.jpeg, https://administracionminini.com/wp-content/uploads/2024/02/WhatsApp-Image-2024-01-17-at-11.13.21-1-scaled.jpeg, https://administracionminini.com/wp-content/uploads/2024/02/WhatsApp-Image-2024-01-17-at-11.13.21-3-scaled.jpeg, https://administracionminini.com/wp-content/uploads/2024/02/WhatsApp-Image-2024-01-27-at-11.09.21-scaled.jpeg, https://administracionminini.com/wp-content/uploads/2024/02/WhatsApp-Image-2024-01-27-at-11.09.22-scaled.jpeg, https://administracionminini.com/wp-content/uploads/2024/02/WhatsApp-Image-2024-01-27-at-11.09.23-scaled.jpeg, https://administracionminini.com/wp-content/uploads/2024/02/WhatsApp-Image-2024-01-27-at-11.09.22-1-scaled.jpeg",,,,,,,,,0,,"Cantidad de ambientes",3,1,1,"Estado de Propiedad","A estrenar",1,1,Localidades,"Mar de Ajó",1,1,Operación,Venta,1,1,Propiedad,Departamento,1,1,Servicios,"Agua corriente, Electricidad, Internet, Teléfono",1,1,,,,,,,,,,,,,,,,,,,,,,,,,,,,,,,,
5475,simple,,,"Lote| Drago e/ Hipolito Irigoyen y Manuel Belgrano | Mar de Ajo",1,0,hidden,,"Excelente lote ubicado a 30 metros del mar en Nueva Atlantis.\nSE PUEDE ENTREGAR UN ANTICIPO Y EL RESTO EN CUOTAS!\n\nSU CONSULTA NO MOLESTA!",,,taxable,,1,,,0,0,,,,,0,,,,Venta,,,"https://administracionminini.com/wp-content/uploads/2024/03/WhatsApp-Image-2024-02-16-at-12.03.40-2-scaled.jpeg, https://administracionminini.com/wp-content/uploads/2024/03/WhatsApp-Image-2024-02-16-at-12.03.40-1-scaled.jpeg, https://administracionminini.com/wp-content/uploads/2024/03/WhatsApp-Image-2024-02-16-at-12.03.40-scaled.jpeg, https://administracionminini.com/wp-content/uploads/2024/03/WhatsApp-Image-2024-02-16-at-12.03.39-1-scaled.jpeg, https://administracionminini.com/wp-content/uploads/2024/03/WhatsApp-Image-2024-02-16-at-12.03.39-scaled.jpeg",,,,,,,,,0,,Localidades,"Mar de Ajó",1,1,Operación,Venta,1,1,Propiedad,Lote,1,1,Servicios,"Electricidad, Internet, Teléfono, Vídeo cable",1,1,,,,,,,,,,,,,,,,,,,,,,,,,,,,,,,,,,,,,,,,
5513,simple,,,"Departamento | Mitre N° 1618 | San Bernardo",1,1,visible,,"Excelente P.H de 2 ambientes ubicado sobre calle Mitre a 5 cuadras del mar, ideal para vivienda permanente.\nLa misma cuenta con cocina, comedor, dormitorio principal, baño y patio con parrilla y lavadero.\nTODOS LOS SERVICIOS (GAS NATURAL)\nSE VENDE AMOBLADO.\nNO ABONA EXPENSAS!\n\nCONSULTANOS!!!",,,taxable,,1,,,0,0,,,,,0,,,,Venta,,,"https://administracionminini.com/wp-content/uploads/2024/04/WhatsApp-Image-2024-04-27-at-12.56.23.jpeg, https://administracionminini.com/wp-content/uploads/2024/04/WhatsApp-Image-2024-04-09-at-18.35.35-scaled.jpeg, https://administracionminini.com/wp-content/uploads/2024/04/WhatsApp-Image-2024-04-09-at-18.35.34-1-scaled.jpeg, https://administracionminini.com/wp-content/uploads/2024/04/WhatsApp-Image-2024-04-09-at-18.35.32-scaled.jpeg, https://administracionminini.com/wp-content/uploads/2024/04/WhatsApp-Image-2024-08-07-at-17.14.34-scaled.jpeg",,,,,,,,,0,,"Estado de Propiedad",Excelente,1,1,Localidades,"San Bernardo",1,1,Operación,Venta,1,1,Dormitorios,1,1,1,Propiedad,PH,1,1,"Venta en Dolares","Hasta 50.000",1,1,Servicios,"Agua corriente, Calefacción, Electricidad, Gas natural, Vídeo cable",1,1,,,,,,,,,,,,,,,,,,,,,,,,,,,,
5597,simple,,,"Departamento | Av. Colon y Costanera Sur | Mar de Ajo",1,0,visible,,"Fantástico departamento con vista panorámica al mar. Mar de Ajo Sur sobre la costanera esquina Colon, barrio El Silvio.\nEdificio ROMY I\nUF N° 7, 2° piso por escalera.\nSe vende totalmente amoblado\nPosee 2 habitaciones una de ellas con vista al mar sobre la calle Colón, living comedor amplio con ventanales corredizos de seguridad que amplifica la vista al mar con salida a terraza; cocina empotrada con artefactos con función eléctrica.\nEl edificio cuenta con parrillas y patio de uso común.\nNO ABONAN EXPENSAS!\n- Cerramiento de frente línea a 30 con dvh vidrio doble.\n- Cocina, termo eléctrico, spar, bajo mesada alacena revestimiento qualex revear.\n- Frentes con cortina roller blanca.\n- Puertas abersan.\n\nConsultanos si te interesa esta propiedad!",,,taxable,,1,,,0,0,,,,,0,,,,Venta,,,"https://administracionminini.com/wp-content/uploads/2024/04/WhatsApp-Image-2024-04-04-at-12.10.27-PM-3-scaled.jpeg, https://administracionminini.com/wp-content/uploads/2024/04/WhatsApp-Image-2024-04-04-at-12.10.27-PM-2-scaled.jpeg, https://administracionminini.com/wp-content/uploads/2024/04/WhatsApp-Image-2024-04-04-at-12.10.27-PM-1-scaled.jpeg, https://administracionminini.com/wp-content/uploads/2024/04/WhatsApp-Image-2024-04-04-at-12.10.27-PM-scaled.jpeg, https://administracionminini.com/wp-content/uploads/2024/04/WhatsApp-Image-2024-04-04-at-12.10.28-PM-3-scaled.jpeg, https://administracionminini.com/wp-content/uploads/2024/04/WhatsApp-Image-2024-04-04-at-12.10.28-PM-2-scaled.jpeg, https://administracionminini.com/wp-content/uploads/2024/04/WhatsApp-Image-2024-04-04-at-12.10.28-PM-scaled.jpeg, https://administracionminini.com/wp-content/uploads/2024/04/WhatsApp-Image-2024-04-04-at-12.10.29-PM-1-scaled.jpeg, https://administracionminini.com/wp-content/uploads/2024/04/WhatsApp-Image-2024-04-04-at-12.10.29-PM-scaled.jpeg, https://administracionminini.com/wp-content/uploads/2024/04/WhatsApp-Image-2024-04-04-at-12.10.28-PM-1-scaled.jpeg, https://administracionminini.com/wp-content/uploads/2024/04/WhatsApp-Image-2024-04-04-at-12.10.24-PM-scaled.jpeg, https://administracionminini.com/wp-content/uploads/2024/04/WhatsApp-Image-2024-04-04-at-12.10.26-PM-1-scaled.jpeg, https://administracionminini.com/wp-content/uploads/2024/04/WhatsApp-Image-2024-04-04-at-12.10.26-PM-scaled.jpeg, https://administracionminini.com/wp-content/uploads/2024/04/WhatsApp-Image-2024-04-04-at-12.10.29-PM-2-scaled.jpeg, https://administracionminini.com/wp-content/uploads/2024/04/WhatsApp-Image-2024-04-04-at-12.10.30-PM-scaled.jpeg, https://administracionminini.com/wp-content/uploads/2024/04/WhatsApp-Image-2024-04-04-at-12.07.48-PM-scaled.jpeg",,,,,,,,,0,,"Estado de Propiedad",Excelente,1,1,Localidades,"Mar de Ajó",1,1,Operación,Venta,1,1,Propiedad,Departamento,1,1,"Venta en Dolares","50.000 a 100.000",1,1,"Cantidad de ambientes",3,1,1,,,,,,,,,,,,,,,,,,,,,,,,,,,,,,,,
5616,simple,,,"Departamento | Av. Colon y Costanera Sur | Mar de Ajo",1,0,hidden,,"Excelente departamento de 3 ambientes ubicado sobre calle Costanera, en el barrio El Silvio,\nBalcón al lateral con vista al mar, la unidad cuenta con amplia cocina, comedor, dormitorio principal, baño completo y en la 2° planta podemos encontrar un 2° dormitorio.\nTODO ELECTRICO.\nNO ABONA EXPENSAS.\nSE VENDE AMOBLADO.\nEl edificio cuenta con parrillas y patio de uso común.\n- Cerramiento de frente línea a 30 con dvh vidrio doble.\n- Cocina, termo eléctrico, spar, bajo mesada alacena revestimiento qualex revear.\n- Frentes con cortina roller blanca.\n- Puertas abersan.\n\nConsultanos si te interesa esta propiedad!",,,taxable,,1,,,0,0,,,,,0,,,,Venta,,,"https://administracionminini.com/wp-content/uploads/2024/04/WhatsApp-Image-2024-04-04-at-11.52.07-AM-2-1.jpeg, https://administracionminini.com/wp-content/uploads/2024/04/WhatsApp-Image-2024-04-04-at-11.52.07-AM-1.jpeg, https://administracionminini.com/wp-content/uploads/2024/04/WhatsApp-Image-2024-04-04-at-11.52.08-AM-1.jpeg, https://administracionminini.com/wp-content/uploads/2024/04/WhatsApp-Image-2024-04-04-at-11.52.08-AM.jpeg, https://administracionminini.com/wp-content/uploads/2024/04/WhatsApp-Image-2024-04-04-at-11.52.09-AM-1.jpeg, https://administracionminini.com/wp-content/uploads/2024/04/WhatsApp-Image-2024-04-04-at-11.52.03-AM-2.jpeg, https://administracionminini.com/wp-content/uploads/2024/04/WhatsApp-Image-2024-04-04-at-11.52.03-AM-1.jpeg, https://administracionminini.com/wp-content/uploads/2024/04/WhatsApp-Image-2024-04-04-at-11.52.03-AM.jpeg, https://administracionminini.com/wp-content/uploads/2024/04/WhatsApp-Image-2024-04-04-at-11.52.02-AM.jpeg, https://administracionminini.com/wp-content/uploads/2024/04/WhatsApp-Image-2024-04-04-at-11.52.06-AM.jpeg, https://administracionminini.com/wp-content/uploads/2024/04/WhatsApp-Image-2024-04-04-at-11.52.06-AM-1.jpeg, https://administracionminini.com/wp-content/uploads/2024/04/WhatsApp-Image-2024-04-04-at-11.52.05-AM-1.jpeg, https://administracionminini.com/wp-content/uploads/2024/04/WhatsApp-Image-2024-04-04-at-11.52.06-AM-2.jpeg, https://administracionminini.com/wp-content/uploads/2024/04/WhatsApp-Image-2024-04-04-at-11.52.11-AM-1.jpeg, https://administracionminini.com/wp-content/uploads/2024/04/WhatsApp-Image-2024-04-09-at-19.33.15-1.jpeg, https://administracionminini.com/wp-content/uploads/2024/04/WhatsApp-Image-2024-04-09-at-19.33.15-2.jpeg, https://administracionminini.com/wp-content/uploads/2024/04/WhatsApp-Image-2024-04-04-at-11.52.05-AM.jpeg, https://administracionminini.com/wp-content/uploads/2024/04/WhatsApp-Image-2024-04-09-at-19.33.16.jpeg, https://administracionminini.com/wp-content/uploads/2024/04/WhatsApp-Image-2024-04-09-at-19.33.17.jpeg, https://administracionminini.com/wp-content/uploads/2024/04/WhatsApp-Image-2024-04-09-at-19.33.17-1.jpeg, https://administracionminini.com/wp-content/uploads/2024/04/WhatsApp-Image-2024-03-28-at-8.07.04-PM-1-scaled.jpeg, https://administracionminini.com/wp-content/uploads/2024/04/WhatsApp-Image-2024-04-04-at-12.07.48-PM-1-scaled.jpeg",,,,,,,,,0,,"Estado de Propiedad",Excelente,1,1,Localidades,"Mar de Ajó",1,1,Operación,Venta,1,1,Moneda,USD,1,1,Propiedad,Departamento,1,1,Generales,"Amoblado, Parrilla, Pavimento, Termotanque",1,1,"Venta en Dolares","50.000 a 100.000",1,1,,,,,,,,,,,,,,,,,,,,,,,,,,,,
5667,simple,,,"Casa | Santiago del Estero N° 4088 | Costa Azul",1,0,visible,,"Casa en lote propio!!!\n\nLa propiedad se ubica en Calle Santiago del estero al 4100 de la localidad de Costa Azul. Zona muy tranquila y de residentes permanentes.\n\nSe compone de la siguiente manera, living comedor con cocina semi-integrada, 4 dormitorios (3 en planta baja y uno de ellos 1º piso), 3 baños (1 en suite), lavadero cubierto, garage-quincho con amplia parrilla y Jardín.\nPosee todos los servicios conectados, la vivienda se encuentra en óptimas condiciones,\nIdeal para vivienda permanente o temporaria (Muy buena rentabilidad).\n\nConsultanos!",,,taxable,,1,,,0,0,,,,,0,,,,Venta,,,"https://administracionminini.com/wp-content/uploads/2024/04/WhatsApp-Image-2024-03-12-at-18.40.09.jpeg, https://administracionminini.com/wp-content/uploads/2024/04/WhatsApp-Image-2024-03-12-at-17.54.27-scaled.jpeg, https://administracionminini.com/wp-content/uploads/2024/04/WhatsApp-Image-2024-03-12-at-17.54.43-scaled.jpeg, https://administracionminini.com/wp-content/uploads/2024/04/WhatsApp-Image-2024-03-12-at-17.54.28-scaled.jpeg, https://administracionminini.com/wp-content/uploads/2024/04/WhatsApp-Image-2024-03-12-at-17.54.32-scaled.jpeg, https://administracionminini.com/wp-content/uploads/2024/04/WhatsApp-Image-2024-03-12-at-17.54.29-1-scaled.jpeg, https://administracionminini.com/wp-content/uploads/2024/04/WhatsApp-Image-2024-03-12-at-17.54.29-2-scaled.jpeg, https://administracionminini.com/wp-content/uploads/2024/04/WhatsApp-Image-2024-03-12-at-17.54.35-1-scaled.jpeg, https://administracionminini.com/wp-content/uploads/2024/04/WhatsApp-Image-2024-03-12-at-17.54.35-3-scaled.jpeg, https://administracionminini.com/wp-content/uploads/2024/04/WhatsApp-Image-2024-03-12-at-17.54.35-2-scaled.jpeg, https://administracionminini.com/wp-content/uploads/2024/04/WhatsApp-Image-2024-03-12-at-17.54.34-1-scaled.jpeg, https://administracionminini.com/wp-content/uploads/2024/04/WhatsApp-Image-2024-03-12-at-17.54.35-4-scaled.jpeg, https://administracionminini.com/wp-content/uploads/2024/04/WhatsApp-Image-2024-03-12-at-17.54.30-scaled.jpeg, https://administracionminini.com/wp-content/uploads/2024/04/WhatsApp-Image-2024-03-12-at-17.54.37-scaled.jpeg, https://administracionminini.com/wp-content/uploads/2024/04/WhatsApp-Image-2024-03-12-at-17.54.31-1-scaled.jpeg, https://administracionminini.com/wp-content/uploads/2024/04/WhatsApp-Image-2024-03-12-at-17.54.42-2-scaled.jpeg, https://administracionminini.com/wp-content/uploads/2024/04/WhatsApp-Image-2024-03-12-at-17.54.42-1-scaled.jpeg, https://administracionminini.com/wp-content/uploads/2024/04/WhatsApp-Image-2024-03-12-at-17.54.40-1-scaled.jpeg, https://administracionminini.com/wp-content/uploads/2024/04/WhatsApp-Image-2024-03-12-at-17.54.39-2-scaled.jpeg, https://administracionminini.com/wp-content/uploads/2024/04/WhatsApp-Image-2024-03-12-at-17.54.41-scaled.jpeg, https://administracionminini.com/wp-content/uploads/2024/04/WhatsApp-Image-2024-03-12-at-17.54.29-3-scaled.jpeg, https://administracionminini.com/wp-content/uploads/2024/04/WhatsApp-Image-2024-03-12-at-17.54.29-scaled.jpeg, https://administracionminini.com/wp-content/uploads/2024/04/WhatsApp-Image-2024-03-12-at-17.54.39-scaled.jpeg, https://administracionminini.com/wp-content/uploads/2024/04/WhatsApp-Image-2024-03-12-at-17.54.43-5-scaled.jpeg, https://administracionminini.com/wp-content/uploads/2024/04/WhatsApp-Image-2024-03-12-at-17.54.43-1-scaled.jpeg, https://administracionminini.com/wp-content/uploads/2024/04/WhatsApp-Image-2024-03-12-at-17.54.42-scaled.jpeg",,,,,,,,,0,,Localidades,"Costa Azul",1,1,Operación,Venta,1,1,Propiedad,Casa,1,1,"Venta en Dolares","50.000 a 100.000",1,1,Generales,"Agua caliente, Amoblado, Ascensor, Calefacción, Parrilla, Vivienda",1,1,Dormitorios,4,1,1,,,,,,,,,,,,,,,,,,,,,,,,,,,,,,,,
5713,simple,,,"COMPLEJO BELEN II | Catamarca N° 3726 | Costa Azul",1,0,visible,,"EMPRENDIMIENTO BELEN II\n\nHermoso Complejo ubicado sobre calle Catamarca a 4 cuadras del Mar en la Localidad de Costa Azul.\nEn mismo cuenta con un total de 6 unidades a razón de dos departamentos por piso, por escalera.\nTodos los departamentos son de 3 ambientes de aprox. 50 mts² y cuentan con: cocina, comedor, dormitorio principal con baño en suit, baño de servicio, balcón con parrilla y lavadero.\nEspacios guarda-coche para cada una de las unidades dentro del complejo.\nTodos los departamentos se entregan con cocina y termo eléctrico.\nTAMBIEN DISPONEN DE UN SOLARIUM DE USO COMUN.\nDETALLES DE 1°CATEGORIA.\n\nFECHA DE ENTREGA: ABRIL DEL 2026\nVALOR LANZAMIENTO: U$S 42.500,00.-\n\nPLAN LANZAMIENTO:\nSe entrega el 35% al momento de la firma del Boleto de Compra-Venta y el saldo restante se puede abonar hasta en 24 cuotas SIN INTERES, en billetes dólares.",,,taxable,,1,,,0,0,,,,,0,,,,Venta,,,"https://administracionminini.com/wp-content/uploads/2024/04/WhatsApp-Image-2024-03-08-at-12.38.56-1.jpeg, https://administracionminini.com/wp-content/uploads/2024/04/WhatsApp-Image-2024-03-08-at-12.38.56-2.jpeg, https://administracionminini.com/wp-content/uploads/2024/04/WhatsApp-Image-2024-03-08-at-12.38.56.jpeg, https://administracionminini.com/wp-content/uploads/2024/04/WhatsApp-Image-2024-03-08-at-12.38.57.jpeg, https://administracionminini.com/wp-content/uploads/2024/04/WhatsApp-Image-2024-03-08-at-12.38.55.jpeg, https://administracionminini.com/wp-content/uploads/2024/04/WhatsApp-Image-2024-03-08-at-12.38.57-2.jpeg, https://administracionminini.com/wp-content/uploads/2024/04/WhatsApp-Image-2024-03-08-at-12.38.58-2.jpeg, https://administracionminini.com/wp-content/uploads/2024/04/WhatsApp-Image-2024-03-08-at-12.38.58.jpeg, https://administracionminini.com/wp-content/uploads/2024/04/WhatsApp-Image-2024-03-08-at-12.38.58-3.jpeg, https://administracionminini.com/wp-content/uploads/2024/04/WhatsApp-Image-2024-03-08-at-12.38.59.jpeg, https://administracionminini.com/wp-content/uploads/2024/04/WhatsApp-Image-2024-03-08-at-12.38.58-1.jpeg, https://administracionminini.com/wp-content/uploads/2024/04/WhatsApp-Image-2024-03-08-at-12.38.57-1.jpeg, https://administracionminini.com/wp-content/uploads/2024/04/Municipal-arce.DEF-Model-_3_-scaled.jpg, https://administracionminini.com/wp-content/uploads/2024/04/WhatsApp-Image-2024-03-08-at-12.38.59-1.jpeg",,,,,,,,,0,,"Estado de Propiedad","EN POZO",1,1,Localidades,"Costa Azul",1,1,Propiedad,Emprendimientos,1,1,Moneda,USD,1,1,Operación,Venta,1,1,Dormitorios,2,1,1,Generales,"Agua caliente, Cloacas, Parrilla, Termotanque",1,1,,,,,,,,,,,,,,,,,,,,,,,,,,,,
5729,simple,,,"Locales | Chiozza N° 1989 | San Bernardo",1,0,visible,,"Local N° 2\n\nExcelentes locales comerciales sobre calle Chiozza en pleno centro, a estrenar en edificio Copacabana III.\nVidrieras al frente, amplio entre-piso, baño.\n\nMETROS CUADRADOS: 48MTS²\n\nCONSULTANOS SI TE INTERESA ESTA PROPUESTA!.\n\n&nbsp;\n\n&nbsp;",,,taxable,,1,,,0,0,,,,,0,,,,Alquiler,,,"https://administracionminini.com/wp-content/uploads/2024/04/WhatsApp-Image-2024-08-27-at-11.17.25.jpeg, https://administracionminini.com/wp-content/uploads/2024/04/WhatsApp-Image-2024-08-27-at-11.17.21.jpeg, https://administracionminini.com/wp-content/uploads/2024/04/WhatsApp-Image-2024-08-27-at-11.17.22.jpeg, https://administracionminini.com/wp-content/uploads/2024/04/WhatsApp-Image-2024-08-27-at-11.17.20.jpeg, https://administracionminini.com/wp-content/uploads/2024/04/WhatsApp-Image-2024-08-27-at-11.17.26.jpeg, https://administracionminini.com/wp-content/uploads/2024/04/WhatsApp-Image-2024-08-27-at-10.51.40-1.jpeg, https://administracionminini.com/wp-content/uploads/2024/04/WhatsApp-Image-2024-08-27-at-10.51.41-1.jpeg, https://administracionminini.com/wp-content/uploads/2024/04/WhatsApp-Image-2024-08-27-at-10.51.42-2.jpeg",,,,,,,,,0,,Propiedad,Local,1,1,"Estado de Propiedad","A estrenar",1,1,Localidades,"San Bernardo",1,1,Operación,Alquiler,1,1,,,,,,,,,,,,,,,,,,,,,,,,,,,,,,,,,,,,,,,,
5874,simple,,,"Departamento | Francisco de las Carreras N° 270 | Mar de ajo",1,0,visible,,"UNIDADES DISPONIBLES UF 5 Y 7\n\nDepartamento 3 ambientes ubicado en P.B (interno) a 50mts de Diagonal Rivadavia y a 3 cuadra del mar, en pleno centro comercial de Mar De ajo.\nEl mismo cuenta con cocina-comedor, 2 dormitorios con placard, 2 baños, patio con lavadero y cochera descubierta.\nSE VENDEN TOTALMENTE AMOBLADOS.\nTODOS LOS SERVICIOS (GAS NATURAL).\n\nEn proceso de subdivisión actualmente.\nSe debe solicitar a la posesión los medidores de servicio a su nombre.\nGASTOS: - Honorarios a la firma del boleto.\n-Escritura total incluyendo honorarios, impuesto a las ganancias y el proporcional del reglamento, a cargo del comprador. Escribanía designada: Sureda Lagos.\n\nCONSULTANOS!!!....\n\n&nbsp;",,,taxable,,1,,,0,0,,,,,0,,,,Venta,,,"https://administracionminini.com/wp-content/uploads/2024/04/WhatsApp-Image-2024-04-04-at-11.02.35-4-scaled.jpeg, https://administracionminini.com/wp-content/uploads/2024/04/WhatsApp-Image-2024-04-04-at-11.02.36-scaled.jpeg, https://administracionminini.com/wp-content/uploads/2024/04/WhatsApp-Image-2024-04-04-at-11.02.37-scaled.jpeg, https://administracionminini.com/wp-content/uploads/2024/04/WhatsApp-Image-2024-04-04-at-11.02.35-2-scaled.jpeg, https://administracionminini.com/wp-content/uploads/2024/04/WhatsApp-Image-2024-04-04-at-11.02.36-2-scaled.jpeg, https://administracionminini.com/wp-content/uploads/2024/04/WhatsApp-Image-2024-04-18-at-11.32.39.jpeg, https://administracionminini.com/wp-content/uploads/2024/04/WhatsApp-Image-2024-04-18-at-11.32.37.jpeg, https://administracionminini.com/wp-content/uploads/2024/04/WhatsApp-Image-2024-04-18-at-11.44.21.jpeg, https://administracionminini.com/wp-content/uploads/2024/04/WhatsApp-Image-2024-04-18-at-11.32.34.jpeg, https://administracionminini.com/wp-content/uploads/2024/04/WhatsApp-Image-2024-04-04-at-12.19.07-2-scaled.jpeg, https://administracionminini.com/wp-content/uploads/2024/04/WhatsApp-Image-2024-04-04-at-12.19.07-scaled.jpeg, https://administracionminini.com/wp-content/uploads/2024/04/WhatsApp-Image-2024-04-04-at-12.19.09-1-scaled.jpeg, https://administracionminini.com/wp-content/uploads/2024/04/WhatsApp-Image-2024-04-04-at-12.19.08-scaled.jpeg, https://administracionminini.com/wp-content/uploads/2024/04/WhatsApp-Image-2024-04-18-at-11.32.39-1.jpeg, https://administracionminini.com/wp-content/uploads/2024/04/Diseno-sin-titulo-5-1.jpg, https://administracionminini.com/wp-content/uploads/2024/04/WhatsApp-Image-2024-04-18-at-11.44.11.jpeg, https://administracionminini.com/wp-content/uploads/2024/04/WhatsApp-Image-2024-04-18-at-11.44.14.jpeg",,,,,,,,,0,,"Estado de Propiedad","Muy bueno",1,1,Localidades,"Mar de Ajó",1,1,Operación,Venta,1,1,Propiedad,Departamento,1,1,Dormitorios,2,1,1,Baños,2,1,1,Moneda,USD,1,1,,,,,,,,,,,,,,,,,,,,,,,,,,,,
5895,simple,,,"Departamento | Francisco de las Carreras N° 270 | Mar De Ajo",1,0,visible,,"UNIDADES DISPONIBLES UF 2 Y 3\n\nDepartamento de 3 ambientes ubicado en 1° piso por escalera a 50 mts de Diagonal Rivadavia y a 3 cuadra del mar (pleno centro comercial de Mar de Ajo). Cuenta con amplia cocina- comedor, baño, lavadero y balcón al frente, en P.A nos podemos encontrar con 2 dormitorios con placard de los cuales uno posee amplio balcón al frente, baño completo y cochera cubierta.\nEXCELENTE UBICACIÓN.\nTODOS LOS SERVICIOS (GAS NATURAL)\n\nEn proceso la subdivisión actualmente.\nSe debe solicitar a la posesión los medidores de servicio a su nombre.\nGASTOS: - Honorarios a la firma del boleto.\n-Escritura total incluyendo honorarios, impuesto a las ganancias y el proporcional del reglamento, a cargo del comprador. Escribanía designada: Sureda Lagos.\n\nCONSULTANOS!!!....",,,taxable,,1,,,0,0,,,,,0,,,,Venta,,,"https://administracionminini.com/wp-content/uploads/2024/04/WhatsApp-Image-2024-04-04-at-12.19.09-scaled.jpeg, https://administracionminini.com/wp-content/uploads/2024/04/WhatsApp-Image-2024-04-04-at-12.19.10-scaled.jpeg, https://administracionminini.com/wp-content/uploads/2024/04/WhatsApp-Image-2024-04-18-at-11.44.21-1.jpeg, https://administracionminini.com/wp-content/uploads/2024/04/WhatsApp-Image-2024-04-18-at-11.44.26.jpeg, https://administracionminini.com/wp-content/uploads/2024/04/WhatsApp-Image-2024-04-18-at-11.44.29-1.jpeg, https://administracionminini.com/wp-content/uploads/2024/04/WhatsApp-Image-2024-04-04-at-12.19.08-1-scaled.jpeg, https://administracionminini.com/wp-content/uploads/2024/04/WhatsApp-Image-2024-04-04-at-12.19.09-1-1-scaled.jpeg, https://administracionminini.com/wp-content/uploads/2024/04/WhatsApp-Image-2024-04-04-at-12.19.07-2-1-scaled.jpeg, https://administracionminini.com/wp-content/uploads/2024/04/WhatsApp-Image-2024-04-04-at-12.19.07-1-scaled.jpeg, https://administracionminini.com/wp-content/uploads/2024/04/WhatsApp-Image-2024-04-18-at-11.44.19.jpeg, https://administracionminini.com/wp-content/uploads/2024/04/WhatsApp-Image-2024-04-18-at-11.44.14-1.jpeg, https://administracionminini.com/wp-content/uploads/2024/04/WhatsApp-Image-2024-04-18-at-11.44.11-1.jpeg, https://administracionminini.com/wp-content/uploads/2024/04/WhatsApp-Image-2024-04-18-at-11.44.11-2.jpeg, https://administracionminini.com/wp-content/uploads/2024/04/Diseno-sin-titulo-5-2.jpg",,,,,,,,,0,,"Estado de Propiedad","Muy bueno",1,1,"Cantidad de ambientes",2,1,1,Localidades,"Mar de Ajó",1,1,Propiedad,Departamento,1,1,Operación,Venta,1,1,Servicios,"Agua corriente, Calefacción, Electricidad, Vídeo cable",1,1,,,,,,,,,,,,,,,,,,,,,,,,,,,,,,,,
6125,simple,,,"Casa |Salta N° 481| Mar de Ajo",1,0,visible,,"Te presentamos esta impresionante casa ubicada en el hermoso barrio San Rafael, en la calle Salta esquina Candiotti. Con un amplio terreno y distribuida en 2 pisos, esta propiedad ofrece un diseño lujoso y espacioso que te cautivará.\n\nCaracterísticas principales:\n\n🌟 Vivienda 1: 32 m²\n🌟 Entrada espejo: 46 m²\n🌟 Cocina comedor: 27 m²\n🌟 Cuarto de invitados: 23 m²\n🌟 Lavadero: 15 m²\n🌟 Baño 1: 5 m²\n🌟 Cuarto: 10 m²\n🌟 Dormitorio principal: 39 m², con baño en suite, vestidor y 4 m² adicionales\n🌟 Cuarto de arriba: 9 m²\n🌟 Cuarto dos de arriba: 9 m²\n🌟 Cuarto tres: 13 m²\n🌟 Cuarto 4: 14 m²\n🌟 Baño: 5,5 m²\n🌟 Quinchos: 50 m²\n🌟 Baño del quincho: 5 m²\n\nAdemás, esta espectacular propiedad cuenta con una piscina climatizada para disfrutar de momentos de relajación y entretenimiento.\n\nNo solo eso, sino que también ofrece losa radiante y aire acondicionado que se extiende por toda la casa, brindándote el máximo confort en cualquier temporada.\n\nY para garantizar tu seguridad, la casa cuenta con 9 cámaras de seguridad que te brindarán tranquilidad y protección en todo momento.\n\nESCUCHAMOS OFERTAS DE CONTADO, POSIBILIDADES TAMBIEN DE FINANCIACIÓN!",,,taxable,,1,,,0,0,,,,,0,,,,Venta,,,"https://administracionminini.com/wp-content/uploads/2024/07/WhatsApp-Image-2024-06-28-at-20.32.27-3.jpeg, https://administracionminini.com/wp-content/uploads/2024/07/WhatsApp-Image-2024-08-16-at-17.10.39-1-1.jpeg, https://administracionminini.com/wp-content/uploads/2024/07/WhatsApp-Image-2024-08-16-at-17.10.38.jpeg, https://administracionminini.com/wp-content/uploads/2024/07/WhatsApp-Image-2024-06-28-at-20.32.27-1.jpeg, https://administracionminini.com/wp-content/uploads/2024/07/WhatsApp-Image-2024-06-28-at-20.32.26-2.jpeg, https://administracionminini.com/wp-content/uploads/2024/07/WhatsApp-Image-2024-06-28-at-20.32.28-1-1.jpeg, https://administracionminini.com/wp-content/uploads/2024/07/WhatsApp-Image-2024-06-28-at-20.32.29-1-1.jpeg, https://administracionminini.com/wp-content/uploads/2024/07/WhatsApp-Image-2024-06-28-at-20.32.27-2.jpeg, https://administracionminini.com/wp-content/uploads/2024/07/WhatsApp-Image-2024-06-28-at-20.32.26-1.jpeg, https://administracionminini.com/wp-content/uploads/2024/07/WhatsApp-Image-2024-06-28-at-20.32.23-1.jpeg, https://administracionminini.com/wp-content/uploads/2024/07/WhatsApp-Image-2024-06-28-at-20.32.24-1-1.jpeg, https://administracionminini.com/wp-content/uploads/2024/07/WhatsApp-Image-2024-06-28-at-20.32.24.jpeg, https://administracionminini.com/wp-content/uploads/2024/07/WhatsApp-Image-2024-06-28-at-20.32.25-2-3.jpeg, https://administracionminini.com/wp-content/uploads/2024/07/WhatsApp-Image-2024-06-28-at-20.32.26-3.jpeg, https://administracionminini.com/wp-content/uploads/2024/07/WhatsApp-Image-2024-06-28-at-20.32.28-3-1.jpeg, https://administracionminini.com/wp-content/uploads/2024/07/WhatsApp-Image-2024-06-28-at-20.32.49-3.jpeg, https://administracionminini.com/wp-content/uploads/2024/07/WhatsApp-Image-2024-06-28-at-20.32.33-2-1.jpeg, https://administracionminini.com/wp-content/uploads/2024/07/WhatsApp-Image-2024-06-28-at-20.32.33-3.jpeg, https://administracionminini.com/wp-content/uploads/2024/07/WhatsApp-Image-2024-06-28-at-20.32.49-2-1.jpeg, https://administracionminini.com/wp-content/uploads/2024/07/WhatsApp-Image-2024-06-28-at-20.32.48.jpeg, https://administracionminini.com/wp-content/uploads/2024/07/WhatsApp-Image-2024-06-28-at-20.32.46-5.jpeg, https://administracionminini.com/wp-content/uploads/2024/07/WhatsApp-Image-2024-06-28-at-20.32.32.jpeg, https://administracionminini.com/wp-content/uploads/2024/07/WhatsApp-Image-2024-06-28-at-20.32.34-2.jpeg, https://administracionminini.com/wp-content/uploads/2024/07/WhatsApp-Image-2024-06-28-at-20.32.34.jpeg, https://administracionminini.com/wp-content/uploads/2024/07/WhatsApp-Image-2024-06-28-at-20.32.37-6.jpeg, https://administracionminini.com/wp-content/uploads/2024/07/WhatsApp-Image-2024-06-28-at-20.32.44-1.jpeg, https://administracionminini.com/wp-content/uploads/2024/07/WhatsApp-Image-2024-06-28-at-20.32.48-3.jpeg",,,,,,,,,0,,Localidades,"Mar de Ajó",1,1,Operación,Venta,1,1,"Estado de Propiedad",Excelente,1,1,Propiedad,Casa,1,1,Moneda,USD,1,1,,,,,,,,,,,,,,,,,,,,,,,,,,,,,,,,,,,,
6185,simple,,,"Departamento | Av. San Bernardo N° 400 | San Bernardo",1,0,visible,,"Ubicado en Pleno Centro Comercial, sobre Av. San Bernardo esq. Catamarca y a 4 cuadras del mar encontramos este amplio departamento de 1 ambiente en 2° piso por escalera.\nCuenta con comedor, cocina, dormitorio integrado y baño (reciclado a nuevo). El edificio cuenta con patio y parrillas de uso común.\nPOSEE GAS NATURAL Y SE VENDE TOTALMENTE AMOBLADO.\n\nConsultanos!",,,taxable,,1,,,0,0,,,,,0,,,,Venta,,,"https://administracionminini.com/wp-content/uploads/2024/07/WhatsApp-Image-2024-07-16-at-13.03.24-scaled.jpeg, https://administracionminini.com/wp-content/uploads/2024/07/WhatsApp-Image-2024-07-16-at-13.03.25-1-scaled.jpeg, https://administracionminini.com/wp-content/uploads/2024/07/WhatsApp-Image-2024-07-16-at-13.03.25-2-scaled.jpeg, https://administracionminini.com/wp-content/uploads/2024/07/WhatsApp-Image-2024-07-16-at-13.03.26-scaled.jpeg, https://administracionminini.com/wp-content/uploads/2024/07/WhatsApp-Image-2024-07-16-at-13.03.27-scaled.jpeg, https://administracionminini.com/wp-content/uploads/2024/07/WhatsApp-Image-2024-07-16-at-13.03.26-2-scaled.jpeg, https://administracionminini.com/wp-content/uploads/2024/07/WhatsApp-Image-2024-07-16-at-13.03.26-1-scaled.jpeg, https://administracionminini.com/wp-content/uploads/2024/07/WhatsApp-Image-2024-07-16-at-13.03.30-scaled.jpeg, https://administracionminini.com/wp-content/uploads/2024/07/WhatsApp-Image-2024-07-16-at-13.03.28-scaled.jpeg, https://administracionminini.com/wp-content/uploads/2024/07/WhatsApp-Image-2024-05-03-at-21.36.08.jpeg, https://administracionminini.com/wp-content/uploads/2024/07/WhatsApp-Image-2024-05-03-at-21.36.14.jpeg, https://administracionminini.com/wp-content/uploads/2024/07/extra_large_u_62793514e61db.jpg, https://administracionminini.com/wp-content/uploads/2024/07/extra_large_u_6279351d21658.jpg, https://administracionminini.com/wp-content/uploads/2024/07/extra_large_u_6279352f52ef1.jpg, https://administracionminini.com/wp-content/uploads/2024/07/WhatsApp-Image-2024-07-16-at-13.03.30-1-scaled.jpeg, https://administracionminini.com/wp-content/uploads/2024/07/WhatsApp-Image-2024-05-04-at-12.06.49-3.jpeg, https://administracionminini.com/wp-content/uploads/2024/07/WhatsApp-Image-2024-07-16-at-13.03.31-scaled.jpeg, https://administracionminini.com/wp-content/uploads/2024/07/WhatsApp-Image-2024-05-03-at-21.36.11.jpeg, https://administracionminini.com/wp-content/uploads/2024/07/extra_large_u_627935531adcf.jpg, https://administracionminini.com/wp-content/uploads/2024/07/extra_large_u_6279354a48fae.jpg, https://administracionminini.com/wp-content/uploads/2024/07/extra_large_u_6279354465342.jpg",,,,,,,,,0,,Operación,Venta,1,1,"Estado de Propiedad",Bueno,1,1,Localidades,"San Bernardo",1,1,Propiedad,Departamento,1,1,,,,,,,,,,,,,,,,,,,,,,,,,,,,,,,,,,,,,,,,
6210,simple,,,"Local | San Juan N° 1699 | San Bernardo",1,0,visible,,"ALQUILER ANUAL, CONTRATO DE 3 AÑOS!\n\nLocal Comercial en esq. a 2 cuadras del mar y a 1 cuadra de calle Chiozza, totalmente vidriado de aprox. 60 mts³, ideal para rubros varios!\nSE ALQUILA TOTALMENTE DESOCUPADO, CUENTA CON BAÑO!\n\nEL VALOR PUBLICADO CORRESPONDE AL 1° AÑO, EL MISMO SE ABONA COMPLETO.\n\nCONSULTANOS SI TE INTERESA O PARA SABER MAS REQUISITOS.",,,taxable,,1,,,0,0,,,,,0,,,,Alquiler,,,"https://administracionminini.com/wp-content/uploads/2024/07/WhatsApp-Image-2024-07-16-at-17.36.25-1-1.jpeg, https://administracionminini.com/wp-content/uploads/2024/07/WhatsApp-Image-2024-07-16-at-17.36.25-2.jpeg, https://administracionminini.com/wp-content/uploads/2024/07/WhatsApp-Image-2024-07-16-at-17.36.25.jpeg, https://administracionminini.com/wp-content/uploads/2024/07/WhatsApp-Image-2024-07-16-at-20.05.11-2.jpeg, https://administracionminini.com/wp-content/uploads/2024/07/WhatsApp-Image-2024-07-16-at-20.05.11-1.jpeg, https://administracionminini.com/wp-content/uploads/2024/07/WhatsApp-Image-2024-07-16-at-20.05.10-1.jpeg, https://administracionminini.com/wp-content/uploads/2024/07/WhatsApp-Image-2024-07-16-at-20.05.10.jpeg, https://administracionminini.com/wp-content/uploads/2024/07/WhatsApp-Image-2024-07-16-at-20.05.09-1.jpeg, https://administracionminini.com/wp-content/uploads/2024/07/WhatsApp-Image-2024-07-16-at-20.05.09.jpeg, https://administracionminini.com/wp-content/uploads/2024/07/WhatsApp-Image-2024-07-16-at-20.05.08.jpeg, https://administracionminini.com/wp-content/uploads/2024/07/WhatsApp-Image-2024-07-16-at-20.05.08-1.jpeg, https://administracionminini.com/wp-content/uploads/2024/07/WhatsApp-Image-2024-07-16-at-20.05.07.jpeg, https://administracionminini.com/wp-content/uploads/2024/07/WhatsApp-Image-2024-07-16-at-20.05.06.jpeg",,,,,,,,,0,,"Estado de Propiedad","Muy bueno",1,1,Localidades,"San Bernardo",1,1,Operación,Alquiler,1,1,Propiedad,Local,1,1,Moneda,USD,1,1,,,,,,,,,,,,,,,,,,,,,,,,,,,,,,,,,,,,
6245,simple,,,"Departamento | Costanera N° 1860 | San Bernardo",1,0,visible,,"Espectacular Dúplex de 3 Ambientes en OPORTUNIDAD!!!\n\nDirección:\nAv. Costanera 1860, 6° piso Dto ""A"", Edificio Neco II (Cuerpo Interno), entre Mensajerías y De La Reducción, San Bernardo Del Tuyú\n\nCaracterísticas Destacadas:\n\nBaulera y Cochera cubierta.\n\nDescripción del Departamento:\n\nPlanta Baja:\n\nCocina independiente.\nAmplio living-comedor con vista directa al mar.\nGran balcón.\n1 baño.\nPlanta Alta:\n\n2 dormitorios luminosos.\n1 baño completo.\nAdicionales:\n\nCochera cubierta.\nBaulera.\nSe vende sin muebles.\n\nNo deje pasar esta oportunidad!\n\nACEPTA PERMUTA, FINANCIACIÓN Y AUTO EN PARTE DE PAGO!",,,taxable,,1,,,0,0,,,,,0,,,,Venta,,,"https://administracionminini.com/wp-content/uploads/2024/07/WhatsApp-Image-2024-07-30-at-10.46.30-scaled.jpeg, https://administracionminini.com/wp-content/uploads/2024/07/WhatsApp-Image-2024-07-30-at-10.46.29-1-scaled.jpeg, https://administracionminini.com/wp-content/uploads/2024/07/WhatsApp-Image-2024-07-30-at-10.46.27-2-scaled.jpeg, https://administracionminini.com/wp-content/uploads/2024/07/WhatsApp-Image-2024-07-30-at-10.46.35-scaled.jpeg, https://administracionminini.com/wp-content/uploads/2024/07/WhatsApp-Image-2024-07-30-at-10.46.30-2-scaled.jpeg, https://administracionminini.com/wp-content/uploads/2024/07/WhatsApp-Image-2024-07-30-at-10.46.30-1-scaled.jpeg, https://administracionminini.com/wp-content/uploads/2024/07/WhatsApp-Image-2024-07-30-at-10.46.29-2-scaled.jpeg, https://administracionminini.com/wp-content/uploads/2024/07/WhatsApp-Image-2024-07-30-at-10.46.24-scaled.jpeg, https://administracionminini.com/wp-content/uploads/2024/07/WhatsApp-Image-2024-07-30-at-10.46.32-2-scaled.jpeg, https://administracionminini.com/wp-content/uploads/2024/07/WhatsApp-Image-2024-07-30-at-10.46.28-3-scaled.jpeg, https://administracionminini.com/wp-content/uploads/2024/07/WhatsApp-Image-2024-07-30-at-10.46.25-scaled.jpeg, https://administracionminini.com/wp-content/uploads/2024/07/WhatsApp-Image-2024-07-30-at-10.46.27-1-scaled.jpeg, https://administracionminini.com/wp-content/uploads/2024/07/WhatsApp-Image-2024-07-30-at-10.46.28-1-scaled.jpeg, https://administracionminini.com/wp-content/uploads/2024/07/WhatsApp-Image-2024-07-30-at-10.46.28-2-scaled.jpeg, https://administracionminini.com/wp-content/uploads/2024/07/WhatsApp-Image-2024-07-30-at-10.46.21-3-scaled.jpeg, https://administracionminini.com/wp-content/uploads/2024/07/WhatsApp-Image-2024-01-16-at-19.51.05.jpeg, https://administracionminini.com/wp-content/uploads/2024/07/WhatsApp-Image-2024-07-30-at-10.46.21-2-scaled.jpeg, https://administracionminini.com/wp-content/uploads/2024/07/WhatsApp-Image-2024-07-30-at-10.46.37-scaled.jpeg, https://administracionminini.com/wp-content/uploads/2024/07/WhatsApp-Image-2024-01-16-at-19.51.07.jpeg, https://administracionminini.com/wp-content/uploads/2024/07/WhatsApp-Image-2024-01-16-at-19.51.05-1.jpeg",,,,,,,,,0,,"Cantidad de ambientes",3,1,1,"Estado de Propiedad",Excelente,1,1,Localidades,"San Bernardo",1,1,Operación,Venta,1,1,Propiedad,Departamento,1,1,Moneda,USD,1,1,Servicios,"Calefacción, Electricidad, Gas natural, Teléfono",1,1,,,,,,,,,,,,,,,,,,,,,,,,,,,,
6388,simple,,,"Departamento | Costanera N° 5446 | Lucila del Mar",1,0,visible,,"Departamento monoambiente, ubicado sobre calle Costanera en P.B (interno). El mismo cuenta con cocina, dormitorio integrado, baño completo y un pequeño patio. Gas Natural\nSE VENDE AMOBLADO.\nEL EDIFICIO POSEE PARRILLAS Y LAVADERO DE USO COMUN, ADEMAS TIENE UNA EXCELENTE VISTA AL MAR DESDE LA TERRAZA, LA CUAL ES DE LIBRE TRANSITO.\n\nPERMUTA POR DPTO EN BUENOS AIRES O EN MAR DEL PLATA!\n\nConsultanos!",,,taxable,,1,,,0,0,,,,,0,,,,Venta,,,"https://administracionminini.com/wp-content/uploads/2024/08/WhatsApp-Image-2024-08-13-at-15.32.29-1-1-scaled.jpeg, https://administracionminini.com/wp-content/uploads/2024/08/WhatsApp-Image-2024-08-13-at-15.32.29-2-scaled.jpeg, https://administracionminini.com/wp-content/uploads/2024/08/WhatsApp-Image-2024-08-13-at-15.32.30-1-scaled.jpeg, https://administracionminini.com/wp-content/uploads/2024/08/WhatsApp-Image-2024-08-13-at-15.32.30-scaled.jpeg, https://administracionminini.com/wp-content/uploads/2024/08/WhatsApp-Image-2024-08-13-at-15.32.31-1-scaled.jpeg, https://administracionminini.com/wp-content/uploads/2024/08/WhatsApp-Image-2024-08-14-at-17.09.41-1.jpeg, https://administracionminini.com/wp-content/uploads/2024/08/WhatsApp-Image-2024-08-15-at-11.38.34.jpeg, https://administracionminini.com/wp-content/uploads/2024/08/WhatsApp-Image-2024-08-13-at-15.32.38-1-scaled.jpeg, https://administracionminini.com/wp-content/uploads/2024/08/WhatsApp-Image-2024-08-13-at-15.32.32-2-scaled.jpeg, https://administracionminini.com/wp-content/uploads/2024/08/WhatsApp-Image-2024-08-13-at-15.32.31-2-1-scaled.jpeg, https://administracionminini.com/wp-content/uploads/2024/08/WhatsApp-Image-2024-08-13-at-15.32.33-scaled.jpeg, https://administracionminini.com/wp-content/uploads/2024/08/WhatsApp-Image-2024-08-13-at-15.32.39-1-scaled.jpeg, https://administracionminini.com/wp-content/uploads/2024/08/WhatsApp-Image-2024-08-13-at-15.32.40-scaled.jpeg, https://administracionminini.com/wp-content/uploads/2024/08/WhatsApp-Image-2024-08-13-at-15.32.39-2-scaled.jpeg",,,,,,,,,0,,"Estado de Propiedad",Bueno,1,1,Operación,Venta,1,1,Localidades,"La Lucila",1,1,Propiedad,Departamento,1,1,,,,,,,,,,,,,,,,,,,,,,,,,,,,,,,,,,,,,,,,
6463,simple,,,"Locales | Chiozza N° 1989 | San Bernardo",1,0,visible,,"Disponibles Locales: 3 y 5\n\nExcelentes locales comerciales sobre calle Chiozza en pleno centro, a estrenar en edificio Copacabana III.\nVidrieras al frente, amplio entre-piso, baño.\n\nCONSULTANOS SI TE INTERESA ESTA PROPUESTA!.\n\n&nbsp;\n\n&nbsp;",,,taxable,,1,,,0,0,,,,,0,,,,Alquiler,,,"https://administracionminini.com/wp-content/uploads/2024/08/WhatsApp-Image-2024-08-27-at-11.17.11.jpeg, https://administracionminini.com/wp-content/uploads/2024/08/WhatsApp-Image-2024-08-27-at-11.17.18.jpeg, https://administracionminini.com/wp-content/uploads/2024/08/WhatsApp-Image-2024-08-27-at-10.51.41-2-1.jpeg, https://administracionminini.com/wp-content/uploads/2024/08/WhatsApp-Image-2024-08-27-at-10.51.42-1.jpeg, https://administracionminini.com/wp-content/uploads/2024/04/WhatsApp-Image-2024-08-27-at-11.17.26.jpeg, https://administracionminini.com/wp-content/uploads/2024/04/WhatsApp-Image-2024-08-27-at-10.51.40-1.jpeg, https://administracionminini.com/wp-content/uploads/2024/04/WhatsApp-Image-2024-08-27-at-10.51.41-1.jpeg, https://administracionminini.com/wp-content/uploads/2024/04/WhatsApp-Image-2024-08-27-at-10.51.42-2.jpeg, https://administracionminini.com/wp-content/uploads/2024/08/WhatsApp-Image-2024-08-27-at-10.51.35-2.jpeg",,,,,,,,,0,,Propiedad,Local,1,1,"Estado de Propiedad","A estrenar",1,1,Localidades,"San Bernardo",1,1,Operación,Alquiler,1,1,,,,,,,,,,,,,,,,,,,,,,,,,,,,,,,,,,,,,,,,
6464,simple,,,"Locales | Chiozza esq. De La Reducción | San Bernardo",1,0,visible,,"Local N° 1\n\nExcelente Local Comercial a estrenar, ubicado en importante Avenida sobre calle Chiozza y en pleno centro de la Localidad de San Bernardo, el mismo posee un total de 140mts², amplia cocina (ideal para el rubro gastronomico), 2 baños y entre un entre-piso de 75 mts ².\nSE ABONA EL AÑO COMPLETO!\n\nCONSULTANOS SI TE INTERESA ESTA PROPUESTA!!!",,,taxable,,1,,,0,0,,,,,0,,,,Alquiler,,,"https://administracionminini.com/wp-content/uploads/2024/08/WhatsApp-Image-2024-08-27-at-11.17.00.jpeg, https://administracionminini.com/wp-content/uploads/2024/08/WhatsApp-Image-2024-08-27-at-11.16.59.jpeg, https://administracionminini.com/wp-content/uploads/2024/08/WhatsApp-Image-2024-08-27-at-11.17.02.jpeg, https://administracionminini.com/wp-content/uploads/2024/08/WhatsApp-Image-2024-08-27-at-11.17.01.jpeg, https://administracionminini.com/wp-content/uploads/2024/08/WhatsApp-Image-2024-08-27-at-11.16.46.jpeg, https://administracionminini.com/wp-content/uploads/2024/08/WhatsApp-Image-2024-08-27-at-11.16.51.jpeg, https://administracionminini.com/wp-content/uploads/2024/08/WhatsApp-Image-2024-08-27-at-11.16.46-1.jpeg, https://administracionminini.com/wp-content/uploads/2024/08/WhatsApp-Image-2024-08-27-at-11.16.49.jpeg, https://administracionminini.com/wp-content/uploads/2024/08/WhatsApp-Image-2024-08-27-at-11.16.53.jpeg, https://administracionminini.com/wp-content/uploads/2024/08/WhatsApp-Image-2024-08-27-at-11.16.48.jpeg, https://administracionminini.com/wp-content/uploads/2024/08/WhatsApp-Image-2024-08-27-at-11.16.47.jpeg, https://administracionminini.com/wp-content/uploads/2024/08/WhatsApp-Image-2024-08-27-at-11.16.58.jpeg, https://administracionminini.com/wp-content/uploads/2024/08/WhatsApp-Image-2024-08-27-at-11.16.55.jpeg, https://administracionminini.com/wp-content/uploads/2024/08/WhatsApp-Image-2024-08-27-at-11.16.56.jpeg, https://administracionminini.com/wp-content/uploads/2024/08/WhatsApp-Image-2024-08-27-at-11.16.57.jpeg, https://administracionminini.com/wp-content/uploads/2024/08/WhatsApp-Image-2024-08-27-at-11.16.55-1.jpeg, https://administracionminini.com/wp-content/uploads/2024/08/WhatsApp-Image-2024-08-27-at-11.16.54.jpeg, https://administracionminini.com/wp-content/uploads/2024/08/WhatsApp-Image-2024-08-27-at-11.17.06-1.jpeg, https://administracionminini.com/wp-content/uploads/2024/04/WhatsApp-Image-2024-08-27-at-10.51.40-1.jpeg, https://administracionminini.com/wp-content/uploads/2024/04/WhatsApp-Image-2024-08-27-at-10.51.41-1.jpeg, https://administracionminini.com/wp-content/uploads/2024/04/WhatsApp-Image-2024-08-27-at-10.51.42-2.jpeg",,,,,,,,,0,,Propiedad,Local,1,1,"Estado de Propiedad","A estrenar",1,1,Localidades,"San Bernardo",1,1,Operación,Alquiler,1,1,,,,,,,,,,,,,,,,,,,,,,,,,,,,,,,,,,,,,,,,
6498,simple,,,"Departamento| Chiozza N° 2551| San Bernardo",1,1,visible,,"Departamento de 2 ambientes con balcón al frente, ubicado en una de las principales calles de la Localidad de San Bernardo, a 1 cuadra del mar.\nLa unidad se encuentra en 2° piso por escalera, posee amplio comedor, cocina separada, lavadero, baño y dormitorio completo con placard.\nSE VENDE TOTALMENTE AMOBLADO.\nGAS ENVASADO.\n\nEL DPTO CUENTA CON BAULERA!\nEXCELENTE UBICACIÓN!",,,taxable,,1,,,0,0,,,,,0,,,,Venta,,,"https://administracionminini.com/wp-content/uploads/2024/08/WhatsApp-Image-2024-08-30-at-16.22.36.jpeg, https://administracionminini.com/wp-content/uploads/2024/08/WhatsApp-Image-2024-08-29-at-16.52.25.jpeg, https://administracionminini.com/wp-content/uploads/2024/08/WhatsApp-Image-2024-08-29-at-16.52.12-1.jpeg, https://administracionminini.com/wp-content/uploads/2024/08/WhatsApp-Image-2024-08-29-at-16.52.21-1.jpeg, https://administracionminini.com/wp-content/uploads/2024/08/WhatsApp-Image-2024-08-30-at-16.22.19.jpeg, https://administracionminini.com/wp-content/uploads/2024/08/WhatsApp-Image-2024-08-29-at-17.47.57.jpeg, https://administracionminini.com/wp-content/uploads/2024/08/WhatsApp-Image-2024-08-29-at-16.52.30.jpeg, https://administracionminini.com/wp-content/uploads/2024/08/WhatsApp-Image-2024-08-29-at-16.52.32.jpeg, https://administracionminini.com/wp-content/uploads/2024/08/WhatsApp-Image-2024-08-29-at-16.52.30-1.jpeg, https://administracionminini.com/wp-content/uploads/2024/08/WhatsApp-Image-2024-08-29-at-16.52.13.jpeg, https://administracionminini.com/wp-content/uploads/2024/08/WhatsApp-Image-2024-08-29-at-16.52.21.jpeg, https://administracionminini.com/wp-content/uploads/2024/08/WhatsApp-Image-2024-08-29-at-16.52.16.jpeg, https://administracionminini.com/wp-content/uploads/2024/08/WhatsApp-Image-2024-08-29-at-16.52.33.jpeg, https://administracionminini.com/wp-content/uploads/2024/08/WhatsApp-Image-2024-08-29-at-16.52.12.jpeg, https://administracionminini.com/wp-content/uploads/2024/08/WhatsApp-Image-2024-08-29-at-16.52.10.jpeg",,,,,,,,,0,,"Estado de Propiedad","Muy bueno",1,1,"Cantidad de ambientes",2,1,1,Localidades,"San Bernardo",1,1,Operación,Venta,1,1,Propiedad,Departamento,1,1,,,,,,,,,,,,,,,,,,,,,,,,,,,,,,,,,,,,
6568,simple,,,"Departamento | Chiozza N° 1857 | San Bernardo",1,0,visible,,"COPACABANA II\n\nULTIMAS UNIDADES!!!\n\nExcelentes departamentos 2 ambientes con doble balcón al frente sobre calle Chiozza, pleno centro comercial y a 1 cuadra del mar.\nLa unidad es a estrenar ubicada en el 5° piso por ascensor, en P.B cuenta con amplia cocina-comedor, baño completo y dormitorio, en la P.A nos encontramos con un quincho exclusivo de la unidad con parrilla, lavadero y también balcón al frente.\n\n80mts Totales!!!\n\nESCUCHAMOS TU PROPUESTA DE CONTADO!\nCONSULTANOS.\n\nEscuchamos ofertas de Contado!\n\nMEMORIA DESCRIPTIVA:\n* Puertas placas intermedias.\n* Carpintería aluminio ventana DVH.\n* Circuito de electricidad trifásica en el local.\n* Revestimiento porcelanato en los pisos, y revestimiento cerámico en área baños.\n* Mueble bajo mesada en: mdf/melanina.\n* Grifería mono-comando FV.\n* Mesada área baño, en losa con porcelanato líquido con plato.\n* Sanitarios en losa (capea/ferrum). Inodoro con tapa de madera.\n* Luces (iluminación) todas en el área balcón para la no afectar la fachada del edificio.",,,taxable,,1,,,0,0,,,,,0,,,,Venta,,,"https://administracionminini.com/wp-content/uploads/2024/09/WhatsApp-Image-2024-09-05-at-14.35.20.jpeg, https://administracionminini.com/wp-content/uploads/2024/09/WhatsApp-Image-2024-09-05-at-14.35.18-1-1.jpeg, https://administracionminini.com/wp-content/uploads/2024/09/WhatsApp-Image-2024-09-05-at-14.35.17.jpeg, https://administracionminini.com/wp-content/uploads/2024/09/WhatsApp-Image-2024-09-05-at-14.35.18.jpeg, https://administracionminini.com/wp-content/uploads/2024/09/WhatsApp-Image-2024-09-05-at-14.35.14.jpeg, https://administracionminini.com/wp-content/uploads/2024/09/WhatsApp-Image-2024-09-05-at-14.35.11.jpeg, https://administracionminini.com/wp-content/uploads/2024/09/WhatsApp-Image-2024-09-05-at-14.35.10.jpeg, https://administracionminini.com/wp-content/uploads/2024/09/WhatsApp-Image-2024-09-05-at-14.35.12-1.jpeg, https://administracionminini.com/wp-content/uploads/2024/09/WhatsApp-Image-2024-09-05-at-14.35.29.jpeg, https://administracionminini.com/wp-content/uploads/2022/08/WhatsApp-Image-2024-09-03-at-14.32.22.jpeg, https://administracionminini.com/wp-content/uploads/2022/08/WhatsApp-Image-2024-09-03-at-14.32.47.jpeg, https://administracionminini.com/wp-content/uploads/2022/02/WhatsApp-Image-2022-08-19-at-11.16.17-AM.jpeg",,,,,,,,,0,,Dormitorios,1,1,1,"Estado de Propiedad","A estrenar",1,1,"Cantidad de ambientes",1,1,1,Operación,Venta,1,1,Propiedad,Departamento,1,1,,,,,,,,,,,,,,,,,,,,,,,,,,,,,,,,,,,,
6589,simple,,,"Departamento| Diagonal Rivadavia N° 187 | Mar de Ajo",1,0,visible,,"Departamento tres ambientes ubicado a 150 mts del mar, en pleno centro comercial de Mar de Ajo, el mismo esta ubicado en 1° piso por ascensor. Cuenta con cocina-comedor, 2 habitaciones, baño completo y balcón corrido!\nSE VENDE SIN AMOBLAR COMO SE OBSERVA EN LAS FOTOS, EL TERMO LO TIENE, FALTA COLOCARLO!\n\nCONSULTANOS POR ESTA PROPUESTA!",,,taxable,,1,,,0,0,,,,,0,,,,Venta,,,"https://administracionminini.com/wp-content/uploads/2024/09/WhatsApp-Image-2024-09-07-at-16.24.36.jpeg, https://administracionminini.com/wp-content/uploads/2024/09/WhatsApp-Image-2024-09-07-at-16.24.35.jpeg, https://administracionminini.com/wp-content/uploads/2024/09/WhatsApp-Image-2024-09-07-at-16.24.36-1.jpeg, https://administracionminini.com/wp-content/uploads/2024/09/WhatsApp-Image-2024-09-07-at-16.24.36-2.jpeg, https://administracionminini.com/wp-content/uploads/2024/09/WhatsApp-Image-2024-09-07-at-16.24.36-3.jpeg, https://administracionminini.com/wp-content/uploads/2024/09/WhatsApp-Image-2024-09-07-at-16.24.37.jpeg, https://administracionminini.com/wp-content/uploads/2024/09/WhatsApp-Image-2024-09-07-at-16.24.39-1.jpeg, https://administracionminini.com/wp-content/uploads/2024/09/WhatsApp-Image-2024-09-07-at-16.24.49-1.jpeg, https://administracionminini.com/wp-content/uploads/2024/09/WhatsApp-Image-2024-09-07-at-16.24.49.jpeg, https://administracionminini.com/wp-content/uploads/2024/09/WhatsApp-Image-2024-09-07-at-16.24.43.jpeg, https://administracionminini.com/wp-content/uploads/2024/09/WhatsApp-Image-2024-09-07-at-16.24.39.jpeg, https://administracionminini.com/wp-content/uploads/2024/09/WhatsApp-Image-2024-09-07-at-16.24.49-2.jpeg, https://administracionminini.com/wp-content/uploads/2024/09/WhatsApp-Image-2024-09-07-at-16.24.53-1.jpeg, https://administracionminini.com/wp-content/uploads/2024/09/WhatsApp-Image-2024-09-07-at-16.24.57-1.jpeg, https://administracionminini.com/wp-content/uploads/2024/09/WhatsApp-Image-2024-09-07-at-16.24.57.jpeg, https://administracionminini.com/wp-content/uploads/2024/09/WhatsApp-Image-2024-09-07-at-16.24.53.jpeg, https://administracionminini.com/wp-content/uploads/2024/09/WhatsApp-Image-2024-09-07-at-16.24.59.jpeg",,,,,,,,,0,,"Estado de Propiedad",Bueno,1,1,Localidades,"Mar de Ajó",1,1,Dormitorios,2,1,1,Operación,Venta,1,1,Propiedad,Departamento,1,1,Servicios,"Agua corriente, Ascensor, Electricidad, Seguridad",1,1,,,,,,,,,,,,,,,,,,,,,,,,,,,,,,,,
6609,simple,,,"Departamento| Santiago del Estero N° 2381 | San Bernardo",1,0,visible,,"Departamento 3 ambientes ubicado en 2° piso por escalera sobre calle Santiago del Estero a 6 cuadras del mar y 2 cuadras de Disco, zona muy tranquila ideal para vivienda permanente. La unidad se compone de amplio comedor, cocina separada, balcón al contra-frente, 2 dormitorios, baño completo y baulera!\nMuy buen estado, la propiedad se vende amoblada!.\n\nCONSULTANOS SI TE INTERESA ESTA PROPUESTA!",,,taxable,,1,,,0,0,,,,,0,,,,Venta,,,"https://administracionminini.com/wp-content/uploads/2024/09/WhatsApp-Image-2024-09-09-at-16.01.59-1.jpeg, https://administracionminini.com/wp-content/uploads/2024/09/WhatsApp-Image-2024-09-09-at-16.02.02.jpeg, https://administracionminini.com/wp-content/uploads/2024/09/WhatsApp-Image-2024-09-09-at-16.02.05.jpeg, https://administracionminini.com/wp-content/uploads/2024/09/WhatsApp-Image-2024-09-09-at-16.01.49.jpeg, https://administracionminini.com/wp-content/uploads/2024/09/WhatsApp-Image-2024-09-09-at-16.01.51.jpeg, https://administracionminini.com/wp-content/uploads/2024/09/WhatsApp-Image-2024-09-09-at-16.01.53-1.jpeg, https://administracionminini.com/wp-content/uploads/2024/09/WhatsApp-Image-2024-09-09-at-16.01.54.jpeg, https://administracionminini.com/wp-content/uploads/2024/09/WhatsApp-Image-2024-09-09-at-16.01.45.jpeg",,,,,,,,,0,,"Estado de Propiedad","Muy bueno",1,1,"Cantidad de ambientes",3,1,1,Localidades,"San Bernardo",1,1,Operación,Venta,1,1,Propiedad,Departamento,1,1,,,,,,,,,,,,,,,,,,,,,,,,,,,,,,,,,,,,
6722,simple,,,"Local | Esquiu N° 145 | San Bernardo",1,0,visible,,"Local ubicado a 50mts de calle Chiozza, pleno centro comercial de la Localidad de San Bernardo, a 100 mts del mar y sobre calle Esquiu, encontramos este inmueble muy luminoso con amplias vidrieras, baño y un espacio ideal para una 2° oficina.\nES SOLO APTO PROFESIONAL!\n\nCONSULTANOS!",,,taxable,,1,,,0,0,,,,,0,,,,Alquiler,,,,,,,,,,,,0,,"Estado de Propiedad",Excelente,1,1,Localidades,"San Bernardo",1,1,Operación,Alquiler,1,1,Moneda,$,1,1,Propiedad,Local,1,1,,,,,,,,,,,,,,,,,,,,,,,,,,,,,,,,,,,,
6772,simple,,,"Departamento| Querini N° 132 | San Bernardo",1,0,visible,,"Excelente departamento 2 ambientes, ubicado en piso 12 a 50 mts de calle Chiozza, pleno centro comercial de la ciudad de San Bernardo y a 150mts del mar. Vista a calle San Juan es decir se ubica al lateral.\nEl mismo se encuentra reciclado a nuevo, cuenta con cocina, comedor, dormitorio principal y baño completo.\nTodos los servicios, Gas Natural y se vende amoblado!\n\nCONSULTANOS SI TE INTERESA ESTA PROPUESTA.",,,taxable,,1,,,0,0,,,,,0,,,,Venta,,,,,,,,,,,,0,,"Estado de Propiedad",Excelente,1,1,Propiedad,Departamento,1,1,Localidades,"San Bernardo",1,1,Moneda,USD,1,1,Operación,Venta,1,1,,,,,,,,,,,,,,,,,,,,,,,,,,,,,,,,,,,,
6829,simple,,,"Departamento| Costanera Nº 5446 | Lucila del Mar",1,0,visible,,"Departamento 3 ambientes ubicado en Edificio Europa IV 3ª piso por ascensor, sobre calle Costanera a 50 mts de la bajada Naútica y del Pinar de Lucila del mar, Excelente zona, muy tranquila.\nEl Inmueble cuenta con balcón al contra-frente con vista al Pinar, cocina con vista al mar, comedor, 2 baños completos, lavadero, 2 dormitorios con amplios placares y cochera cubierta.\nTODOS LOS SERVICIOS (GAS NATURAL)\nVISTA AL MAR DESDE UNO DE LOS DORMITORIOS.\n\nCONSULTANOS POR ESTA PROPUESTA!",,,taxable,,1,,,0,0,,,,,0,,,,Venta,,,,,,,,,,,,0,,"Cantidad de ambientes",3,1,1,"Estado de Propiedad","Muy bueno",1,1,Localidades,"La Lucila",1,1,Operación,Venta,1,1,Propiedad,Departamento,1,1,Servicios,"Ascensor, Calefacción, Electricidad, Gas natural",1,1,Moneda,USD,1,1,,,,,,,,,,,,,,,,,,,,,,,,,,,,
6857,simple,,,"Departamento| San Juan Nº 5185| Lucila del Mar",1,0,visible,,"Departamento 3 ambientes ubicado en 1ª piso por escalera al frente sobre calle San Juan a 2 cuadras del mar y en pleno centro de Lucila del mar, el mismo dispone de amplio comedor, cocina separada, baño completo y 2 habitaciones con placares empotrados.\nLa habitación principal tiene balcón a la calle.\nTODO ELECTRICO, SE VENDE AMOBLADO.\n\nCONSULTANOS!!!",,,taxable,,1,,,0,0,,,,,0,,,,Venta,,,,,,,,,,,,0,,"Estado de Propiedad",Bueno,1,1,"Cantidad de ambientes",3,1,1,Localidades,"La Lucila",1,1,Operación,Venta,1,1,Propiedad,Departamento,1,1,"Venta en Dolares","Hasta 50.000",1,1,,,,,,,,,,,,,,,,,,,,,,,,,,,,,,,,
6905,simple,,,"Lote| Av. San Bernardo Nº 1176 | San Bernardo",1,0,visible,,"Lote de 350 m2 - Frente de 10 x 35 de fondo.\nOrientación Norte\nA pasos del centro de monitoreo de San Bernardo.\nZona en importante expansión comercial.\nA metros de la terminal de omnibus de San Bernardo.\n\nFINANCIACION DISPONIBLES EN COMODAS CUOTAS!!!\nCONUSLTANOS!.",,,taxable,,1,,,0,0,,,,,0,,,,Venta,,,,,,,,,,,,0,,Operación,Venta,1,1,Localidades,"San Bernardo",1,1,Propiedad,Lote,1,1,Servicios,"Agua corriente, Electricidad, Internet, Teléfono",1,1,Moneda,USD,1,1,"Venta en Dolares","50.000 a 100.000",1,1,,,,,,,,,,,,,,,,,,,,,,,,,,,,,,,,
6920,simple,,,"Departamento | San Juan Nº 1568 | San Bernardo",1,0,visible,,"Departamento de 3 ambientes ubicado a 2 cuadras del mar y a 1 cuadra de calle Chiozza en 3ª piso por escalera.\nEl inmueble cuenta con cocina-comedor, dormitorio principal, un 2 dormitorio mas pequeño y baño completo.\nSe vende amoblado, es todo eléctrico!!!\n\nCONSULTANOS SI TE INTERESA ESTA PROPIEDAD!",,,taxable,,1,,,0,0,,,,,0,,,,Venta,,,,,,,,,,,,0,,"Estado de Propiedad","Muy bueno",1,1,Localidades,"San Bernardo",1,1,Propiedad,Departamento,1,1,Operación,Venta,1,1,"Venta en Dolares","Hasta 50.000",1,1,Ambientes,"Baño, Cocina-comedor, Dormitorios, Parrilla",1,1,,,,,,,,,,,,,,,,,,,,,,,,,,,,,,,,
6947,simple,,,"Lote | Av. Libertador y Termas de Rio Hondo| Mar De Ajo",1,0,visible,,"Lote de terreno ubicado en esquina sobre importante Avenida, en la localidad de Mar de Ajo, barrio villa Clelia.\nSE ACEPTAN PERMUTAS Y FINANCIACIÓN!!!\nCONSULTANOS.-",,,taxable,,1,,,0,0,,,,,0,,,,Venta,,,,,,,,,,,,0,,"Estado de Propiedad",Bueno,1,1,Localidades,"Mar de Ajó",1,1,Operación,Venta,1,1,Propiedad,Lote,1,1,Moneda,USD,1,1,"Venta en Dolares","100.000 a 200.000",1,1,,,,,,,,,,,,,,,,,,,,,,,,,,,,,,,,
6994,simple,,,"Departamento | Costanera N° 2764 | San Bernardo",1,0,visible,,"OPORTUNIDAD!!!\n\nDepartamento 3 ambientes ubicado en 2° piso por escalera sobre calle Costanera frente al mar, a 100mts de calle Chiozza (pleno centro comercial de la zona).\nEl mismo cuenta con cocina-comedor, dos dormitorios ambos con placard y ventanas al contra-frente, baño completo.\nGas envasado.\n\nCONSULTANOS!!!",,,taxable,,1,,,0,0,,,,,0,,,,Venta,,,,,,,,,,,,0,,Localidades,"San Bernardo",1,1,"Estado de Propiedad",Bueno,1,1,Operación,Venta,1,1,Propiedad,Departamento,1,1,Ambientes,"Baño, Cocina, Dormitorios",1,1,Servicios,"Agua corriente, Electricidad, Vídeo cable",1,1,,,,,,,,,,,,,,,,,,,,,,,,,,,,,,,,
7012,simple,,,"Departamento |  Chiozza Nº 2669 | San Bernardo",1,0,visible,,"Amplio departamento monoambiente con increible vista al mar, ubicado a 100mts de calle Costanera y en pleno centro comercial de la zona, en piso 13 al contra-frente es decir mirando de frente a calle Costanera.\nEl mismo cuenta con cocina comedor, dormitorio integrado y baño completo.\nSE VENDE SOLO CON COCINA, HELADERA, TERMOTANQUE Y CALEFACTOR DE TIRO BALANACEADO.\n\nTODOS LOS SERVICIOS, GAS NATURAL!!!\n\nCONSULTANOS!",,,taxable,,1,,,0,0,,,,,0,,,,Venta,,,,,,,,,,,,0,,"Estado de Propiedad","Muy bueno",1,1,Localidades,"San Bernardo",1,1,Propiedad,Departamento,1,1,Operación,Venta,1,1,Ambientes,"Baño, Cocina, Dormitorio",1,1,,,,,,,,,,,,,,,,,,,,,,,,,,,,,,,,,,,,
7036,simple,,,"Departamento | Diagonal Rivadavia N° 179 |  Mar de Ajo",1,0,visible,,"Excelente Departamento monoambiente ubicado en piso 9° con balcón al frente y vista al mar, se encuentra a 50 mts de la peatonal de Mar de Ajo y a 150mts del mar, pleno centro comercial.\nEl inmueble se encuentra en muy buen estado de conservación, se vende totalmente amoblado y dispone de cocina, comedor, dormitorio principal y baño.\nEL EDIFICIO CUENTA CON 3 ASCENSORES Y GAS ENVASADO.\n\nCONSULTANOS SI TE INTERESA ESTA PROPUESTA!",,,taxable,,1,,,0,0,,,,,0,,,,Venta,,,,,,,,,,,,0,,Localidades,"Mar de Ajó",1,1,Operación,Venta,1,1,"Estado de Propiedad","Muy bueno",1,1,Propiedad,Departamento,1,1,Ambientes,"Balcon, Baño, Cocina, Dormitorio",1,1,,,,,,,,,,,,,,,,,,,,,,,,,,,,,,,,,,,,
7056,simple,,,"Lote | Calle 97 entre 5 y 98 | Mar del Tuyu",1,0,visible,,"LOTE UBICADO EN ESQUINA DE 394MTS² A 5 CUADARS DEL MAR, IDEAL PARA CONSTRUCCION DE VIVIENDA PERMANENTE!!!\n\nCONSULTANOS!",,,taxable,,1,,,0,0,,,,,0,,,,Venta,,,,,,,,,,,,0,,Localidades,"Mar del Tuyú",1,1,Operación,Venta,1,1,Propiedad,Lote,1,1,Servicios,"Calefacción, Electricidad, Gas natural, Internet, Vídeo cable",1,1,,,,,,,,,,,,,,,,,,,,,,,,,,,,,,,,,,,,,,,,
7068,simple,,,"Lote | Calle 92 entre 1 y 2 | Mar del Tuyu",1,0,visible,,"Lote de 450mts², ubicado a 150mts del mar y próximo a la zona comercial de Mar del Tuyu.\n\nExcelente Ubicación!\n\nCONSULTANOS!.",,,taxable,,1,,,0,0,,,,,0,,,,Venta,,,,,,,,,,,,0,,Localidades,"Mar del Tuyú",1,1,Operación,Venta,1,1,Propiedad,Lote,1,1,Servicios,"Calefacción, Electricidad, Gas natural, Internet, Vídeo cable",1,1,,,,,,,,,,,,,,,,,,,,,,,,,,,,,,,,,,,,,,,,
7082,simple,,,"Lote | Calle 96 entre 5 y 6 | Mar del Tuyu",1,0,visible,,"LOTE DE 450MTS² UBICADO A 5 CUADRAS Y MEDIA DEL MAR, SOBRE CALLE DE ARENA, IDEAL PARA CONSTRUCCION DE VIVIENDA!!!\n\nCONSULTANOS!.",,,taxable,,1,,,0,0,,,,,0,,,,Venta,,,,,,,,,,,,0,,Localidades,"Mar del Tuyú",1,1,Operación,Venta,1,1,Propiedad,Lote,1,1,Servicios,"Calefacción, Electricidad, Gas natural, Internet, Vídeo cable",1,1,,,,,,,,,,,,,,,,,,,,,,,,,,,,,,,,,,,,,,,,
7102,simple,,,"Departamento | San Juan N° 3133 |  San Bernardo",1,0,visible,,"Excelente departamento monoambiente ubicado a 2 cuadras del mar y próximo al centro comercial de San Bernardo. La unidad es de 40mts² lo que lo hace un amplio departamento, cuenta con con cocina-comedor, dormitorio integrado, baño y balcón al contra-frente.\nEl edifico cuenta con una antiguedad de 1 año, por ende las unidades están impecables.\n\nCONSULTANOS SI TE INTERESA ESTA PROPUESTA!.",,,taxable,,1,,,0,0,,,,,0,,,,Venta,,,,,,,,,,,,0,,"Estado de Propiedad",Excelente,1,1,Localidades,"San Bernardo",1,1,Operación,Venta,1,1,Propiedad,Departamento,1,1,Ambientes,"Balcon, Baño, Cocina-comedor",1,1,,,,,,,,,,,,,,,,,,,,,,,,,,,,,,,,,,,,
7125,simple,,,"Departamento | Mitre N° 435 |  Mar de Ajo",1,0,visible,,"Triplex ubicado en Barrio San Rafael a 4 cuadras del mar sobre calle asfaltada, muy linda zona\nEl mismo cuenta con espacio guarda-coche al frente, en P.B encontramos comedor, cocina separada, baño de servicio y amplio patio con parrilla y lavadero, en P.A baño completo, 2 dormitorios y 1 altillo.\nTODOS LOS SERVICIOS GAS NATURAL!\n\nALQUILER POR 2 A 3 AÑOS, CONSULTAS REQUISITOS!.",,,taxable,,1,,,0,0,,,,,0,,,,Alquiler,,,,,,,,,,,,0,,"Estado de Propiedad","Muy bueno",1,1,Localidades,"Mar de Ajó",1,1,Operación,Alquiler,1,1,Propiedad,Duplex,1,1,"Cantidad de ambientes",3,1,1,,,,,,,,,,,,,,,,,,,,,,,,,,,,,,,,,,,,
7153,simple,,,"Departamento | Garay N° 170 |  San Bernardo",1,0,visible,,"Semipiso de dos ambientes ubicado en 1° piso al contra-frente a pocos metros del mar y en pleno entro comercial de San Bernardo!!!\n\nEdificio de categoría ""COPACABANA VIII"" en construcción!!!\nGaray 170 (ante Esquina San Juan)\nEntrega y posesión Diciembre 2025\nAPTO FINANCIACION.... 50% DE CONTATO EL RESTO EN HASTA 24 CUOTAS FIJAS!\nPERMUTA: VEHICULO DEL AÑO 2020 EN ADELANTE.a\n\nAMPLIOS  PLANES DE FINANCIACION!\n\nComodidades:\nCocina comedor\nUn dormitorio con placard\nUn baño completo con accesorios y griferÍa\nBalcón con parrilla 3, 20 m2\n\nSuperficie cubierta : 53,25 m2\nSuperficie total: 57 mts2\n\n*Puertas placas intermedias.\n* Carpintería aluminio ventana DVH.\n* Revestimiento porcelanato en los pisos, y revestimiento cerámico en área baños.\n*Mueble bajomesada en: mdf/melanina.\n* Grifería monocomando FV.\n* Mesada área baño, en losa con porcelanato líquido con plato.\n*Sanitarios en losa (capea/ferrum). Inodoro con tapa de madera.\n* Luces (iluminación) todas en el área balcón para la no afectar la fachada del edificio\n\n1).- Fundaciones y Estructura resistente en Hormigón Armado:\nExcavación de cimientos. Armado de estructura de hierro según calculo.\nBases de fundación, tronco, vigas encadenado, columnas y losas con Hormigón H21, según cálculo.\n2).- Mamposterías: ladrillo hueco 18x18x33 en exterior y ladrillo hueco 8/12x18x33 según planos.\n3).- Contra pisos y carpeta: sistema tradicional.\n4).- Revoques: a la cal tradicional.\n5).- Pisos y Revestimientos: cerámico y porcelanato según corresponda.\n6).- Carpintería de Aluminio:(cerramientos): Módena blanco/negro con vidrio simple 4 mm\n7).- Carpintería de Madera:(puertas placas): interiores en línea estándar.\n8).- Instalaciones Sanitarias: cañería de agua fría/caliente en termo fusión con diámetros según cálculo.\n9).- Instalación desagüe cloacal: awaduct, con sus respectivas ventilaciones y cámaras según planos.\n10).- cañería en termo fusión con diámetros según cálculo, con sus respectivas ventilaciones.\n11).- Instalación Eléctrica: cableado con dimensiones según calculo, con circuitos separados, con sus respetivos tableros seccionales.\n12).- Amueblamientos: solo bajo mesada en melanina, blanco.\n13).- Mesada en hormigón con terminación porcelanato líquido.\n14).- Pintura general: terminación con masilla, fijador y aplicación de látex anti hongo.\n15).- Acabado exterior: aplicación de revestimiento plástico, según fachada. (tarquini).\n\nConsultenos!!!",,,taxable,,1,,,0,0,,,,,0,,,,Venta,,,,,,,,,,,,0,,"Estado de Propiedad","En Construcción.",1,1,Localidades,"San Bernardo",1,1,Operación,Venta,1,1,Propiedad,Departamento,1,1,Dormitorios,2,1,1,,,,,,,,,,,,,,,,,,,,,,,,,,,,,,,,,,,,
7179,simple,,,"Departamento | San Juan N° 1757 | San Bernardo",1,1,visible,,"Departamento dos ambientes ubicado a 2 cuadras del mar y a 1 cuadra de calle Chiozza. 3° piso por ascensor.\nLa unidad dispone de cocina-comedor, dormitorio, baño completo y balcón corrido al lateral.\nGAS NATURAL.\nSE VENDE AMOBLADO.\n\nCONSULTANOS!!!",,,taxable,,1,,,0,0,,,,,0,,,,Venta,,,,,,,,,,,,0,,"Estado de Propiedad",Bueno,1,1,Localidades,"San Bernardo",1,1,Operación,Venta,1,1,Propiedad,Departamento,1,1,,,,,,,,,,,,,,,,,,,,,,,,,,,,,,,,,,,,,,,,
7204,simple,,,"Casa | Catamarca N° 3286 | San Bernardo",1,0,visible,,"Amplio Chalet ubicado a 4 cuadras del mar, con patio al frente y rejas.\nLa Unidad dispone también de un amplio jardín, cocina, comedor, 3 dormitorios, 2 baños cochera cubierta, lavadero y parrilla.\nTODOS LOS SERVICIOS (GAS NATURAL).\nALARMA.\nSOBRE CALLE ASFALTADA, MUY AGRADABLE ZONA.\n\n120mts² Cubiertos\n\nLote de 300mts²",,,taxable,,1,,,0,0,,,,,0,,,,Venta,,,,,,,,,,,,0,,"Estado de Propiedad","Muy bueno",1,1,"Cantidad de ambientes",4,1,1,Localidades,"San Bernardo",1,1,Operación,Venta,1,1,Propiedad,Casa,1,1,Servicios,"Agua corriente, Calefacción, Electricidad, Gas natural",1,1,"Venta en Dolares","100.000 a 200.000",1,1,,,,,,,,,,,,,,,,,,,,,,,,,,,,
7231,simple,,,"Departamento | Chiozza N° 1853 | San Bernardo",1,0,visible,,"COPACABANA II\n\nULTIMAS UNIDADES!!!\n\nA la Venta Departamentos de 2 ambientes a estrenar, ubicado en 3° Piso con balcón al frente sobre calle Chiozza y a 1 cuadra del mar, los mismos cuenta con amplia cocina-comedor, dormitorio  y baño completo.\nLAS UNIDADES SE ENTREGAN CON BAJO-MESADA, COCINA Y TERMOTANQUE ELECTRICOS!!!\n\nEmprendimiento en construcción ubicado sobre la calle Chiozza 1853, San Bernardo del Tuyu.\nEdificio compuesto por 5 niveles, contará con 16 unidades las cuales se dividen en 3 departamentos por piso y 1 local en la planta baja. El edificio se compone de monoambientes y 2 ambientes lo que le da una característica única a los mismos.\nExcelente ubicación, cercano al centro comercial y a las distintas playas de la zona.\n\nMEMORIA DESCRIPTIVA:\n* Puertas placas intermedias.\n* Carpintería aluminio ventana DVH.\n* Circuito de electricidad trifásica en el local.\n* Revestimiento porcelanato en los pisos, y revestimiento cerámico en área baños.\n* Mueble bajo mesada en: mdf/melanina.\n* Grifería mono-comando FV.\n* Mesada área baño, en losa con porcelanato líquido con plato.\n* Sanitarios en losa (capea/ferrum). Inodoro con tapa de madera.\n* Luces (iluminación) todas en el área balcón para la no afectar la fachada del edificio.",,,taxable,,1,,,0,0,,,,,0,,,,Venta,,,"https://administracionminini.com/wp-content/uploads/2022/08/WhatsApp-Image-2024-09-03-at-14.32.31.jpeg, https://administracionminini.com/wp-content/uploads/2022/08/WhatsApp-Image-2024-09-05-at-14.35.55.jpeg, https://administracionminini.com/wp-content/uploads/2022/08/WhatsApp-Image-2024-09-03-at-14.32.36.jpeg, https://administracionminini.com/wp-content/uploads/2022/08/WhatsApp-Image-2024-09-03-at-14.32.30-1.jpeg, https://administracionminini.com/wp-content/uploads/2022/08/WhatsApp-Image-2024-09-03-at-14.32.28-1-1.jpeg, https://administracionminini.com/wp-content/uploads/2022/08/WhatsApp-Image-2024-09-03-at-14.32.30.jpeg, https://administracionminini.com/wp-content/uploads/2022/08/WhatsApp-Image-2024-09-03-at-14.32.26.jpeg, https://administracionminini.com/wp-content/uploads/2022/08/WhatsApp-Image-2024-09-03-at-14.32.39.jpeg, https://administracionminini.com/wp-content/uploads/2022/08/WhatsApp-Image-2024-09-03-at-14.32.34.jpeg, https://administracionminini.com/wp-content/uploads/2022/08/WhatsApp-Image-2024-09-03-at-14.32.22.jpeg, https://administracionminini.com/wp-content/uploads/2022/08/WhatsApp-Image-2024-09-03-at-14.32.47.jpeg, https://administracionminini.com/wp-content/uploads/2022/02/WhatsApp-Image-2022-08-19-at-11.16.17-AM.jpeg",,,,,,,,,0,,Dormitorios,1,1,1,"Estado de Propiedad","A estrenar",1,1,"Cantidad de ambientes",1,1,1,Operación,Venta,1,1,Propiedad,Departamento,1,1,,,,,,,,,,,,,,,,,,,,,,,,,,,,,,,,,,,,
7268,simple,,,"Departamento | Machado N°217 | San Bernardo",1,0,visible,,"Departamento de 2 ambientes ubicado al contra-frente a 2 cuadras del mar y a 1 cuadra de calle Chiozza pleno centro comercial de San Bernardo del tuyu.\nEl inmueble cuenta con cocina-comedor, dormitorio principal con placard y baño completo, en la terraza del edificio podemos encontrar lavadero  de uso común.\n1° PISO POR ESCALERA.\nTODO ELECTRICO\nEXPENSAS BAJAS\nSE VENDE TOTALMENTE AMOBLADO.\n\nCONSULTANOS!",,,taxable,,1,,,0,0,,,,,0,,,,Venta,,,,,,,,,,,,0,,Propiedad,Departamento,1,1,"Estado de Propiedad","Muy bueno",1,1,Localidades,"San Bernardo",1,1,Operación,Venta,1,1,Dormitorios,1,1,1,,,,,,,,,,,,,,,,,,,,,,,,,,,,,,,,,,,,
7321,simple,,,"Departamento | San Juan N° 2542  | San Bernardo",1,1,visible,,"SAN JUAN 2542, 8 ""D"" - EDIFICIO MORAR II\n\nDEPARTAMENTO 3 AMBIENTES\n\n2 BAÑOS\n\n2 CUADRAS DEL MAR Y UNA DEL CENTRO\n\nCON GAS NATURAL\n\nVISTA PARCIAL AL MAR\n\nOCTAVO PISO\n\nTERRAZA COMPARTIDA\n\nBALCÓN CON CERRAMIENTO DE ALUMINIO A SAN JUAN\n\nESTUFA A GAS\n\nU$S 57.000 AMOBLADO!\n\nFINANCIAMOS EL 50%.\nTAMBIEN TOMAMOS PERMUTA EN PARTE DE PAGO!\nCONSULTANOS!",,,taxable,,1,,,0,0,,,,,0,,,,Venta,,,,,,,,,,,,0,,Propiedad,Departamento,1,1,"Estado de Propiedad",Excelente,1,1,Localidades,"San Bernardo",1,1,Operación,Venta,1,1,Dormitorios,2,1,1,Baños,2,1,1,"Venta en Dolares","50.000 a 100.000",1,1,,,,,,,,,,,,,,,,,,,,,,,,,,,,
7361,simple,,,"Cochera | San Juan N° 2838 | San Bernardo",1,0,visible,,"Excelente cochera semi-cubierta ubicada a en excelente zona de San Bernardo a 2 cuadras el mar, sobre calle asfaltada y en P.B\n\nConsultanos!",,,taxable,,1,,,0,0,,,,,0,,,,Venta,,,,,,,,,,,,0,,"Estado de Propiedad",Bueno,1,1,Localidades,"San Bernardo",1,1,Operación,Venta,1,1,Propiedad,Cochera,1,1,,,,,,,,,,,,,,,,,,,,,,,,,,,,,,,,,,,,,,,,
7436,simple,,,"Departamento | Esquiu N° 162 | San Bernardo",1,0,visible,,"Departamento de 2 ambientes ubicado a 150 mts del mar, en pleno centro de San Bernardo.\nLa unidad se ubica en 6° piso por ascensor con balcón al contra-frente, cuenta con amplio comedor, baño y dormitorio principal.\n\nVISTA PARCIAL AL MAR!!!\nSE VENDE AMOBLADO.\n\nESCUCHAMOS PROPUESTAS!",,,taxable,,1,,,0,0,,,,,0,,,,Venta,,,,,,,,,,,,0,,"Estado de Propiedad",Bueno,1,1,Localidades,"San Bernardo",1,1,Operación,Venta,1,1,Propiedad,Departamento,1,1,Servicios,"Agua corriente, Ascensor, Electricidad, Teléfono",1,1,,,,,,,,,,,,,,,,,,,,,,,,,,,,,,,,,,,,
7494,simple,,,"P.H | Francisco de las Carreras N° 783| Mar de Ajo",1,0,visible,,"LINDO Y COMODO CHALET EN PH UBICADO POR LA CALLE PRINCIPAL DE MAR DE AJO, FRANCISCO DE LAS CARRERAS AL 700, A TAN SOLO DOS CUADRAS DEL MAR.\n\nCONSTA DE:\n\n- COMODO LIVING-COMEDOR\n\n- LA COCINA SEMI INTEGRADA\n\n- DOS HABITACIONES QUE DAN A LA CALLE CON PLACARES EMPOTRADOS\n\n- UN BAÑO COMPLETO Y UN TOILETTE\n\n- EN EL PATIO SE ENCUENTRAN PARRILLA Y LAVADERO.\n\n- ESPACIO VEHICULAR EN USO COMPARTIDO.\n\nCONSULTANOS SI TE INTERESA ESTA PROPIEDAD!",,,taxable,,1,,,0,0,,,,,0,,,,Venta,,,,,,,,,,,,0,,"Estado de Propiedad","Muy bueno",1,1,Dormitorios,2,1,1,Operación,Venta,1,1,Localidades,"Mar de Ajó",1,1,Propiedad,PH,1,1,,,,,,,,,,,,,,,,,,,,,,,,,,,,,,,,,,,,
7558,simple,,,"Casa | San Juan N° 1700 | San Bernardo",1,0,visible,,"<em>HERMOSA CASA REFACCIONADA A NUEVA A 2 CUADRAS DEL MAR!!!</em>\n\nAmplios y luminosos espacios diseñados para el confort.\nPatio interno con parrilla , ideal para reuniones.\nEstacionamiento techado y cerrado , para mayor seguridad.\n\nDISTRIBUCIÓN Y COMODIDADES:\n\nEspaciosa cocina-living-comedor con mesada y bajo mesada.\nAcceso a la cocina con un elegante desnivel.\n3 dormitorios con placard y división interna.\n2 baños completos con grifería de calidad.\n\nDETALLES DE CONSTRUCCIÓN Y SERVICIOS:\nCloacas y agua corriente conectadas.\nCañerías listas para gas natural (solo falta solicitar el medidor).\nElegantes pisos de porcelanato pulido y semi madera.\nCocina equipada con artefactos eléctricos modernos.\nCisternas para optimizar el abastecimiento de agua.\nPreparación para instalación de aire acondicionado.",,,taxable,,1,,,0,0,,,,,0,,,,Venta,,,,,,,,,,,,0,,"Cantidad de ambientes",4,1,1,"Estado de Propiedad",Excelente,1,1,Localidades,"San Bernardo",1,1,Operación,Venta,1,1,Propiedad,Casa,1,1,,,,,,,,,,,,,,,,,,,,,,,,,,,,,,,,,,,,
7590,simple,,,"KENIAC III | Santiago del Estero N° 4450 | Costa Azul",1,0,visible,,"Complejo Keniac III es un emprendimiento de solo 6 unidades funcionales, sobre un lote de 600m² (15x40).\n\nULTIMAS DOS UNIDADES DISPONIBLES!\n\nUn diseño que prioriza el espacio y la privacidad.\nTodas las unidades se ubican en planta baja.\nCuentan con living comedor con cocina integrada, dos baños (uno toilette) y dos dormitorios.\nPatio con parrilla y lavadero. Espacio guarda coche descubierto.\nAgua de pozo, gas envasado.\nSup. cubierta aproximada 50m².\n\nVALORES:\nUF 3 Y 4 AL MEDIO U$S 38.000\nENTREGA: ABRIL 2026\n\nCONSULTANOS POR FINANCIACION DISPONIBLE!",,,taxable,,1,,,0,0,,,,,0,,,,Venta,,,,,,,,,,,,0,,"Estado de Propiedad","En Costrucción",1,1,Localidades,"Costa Azul",1,1,"Cantidad de ambientes",3,1,1,Operación,Venta,1,1,Propiedad,Emprendimientos,1,1,,,,,,,,,,,,,,,,,,,,,,,,,,,,,,,,,,,,
7615,simple,,,"Departamento | Hernandarias N° 180 | San Bernardo",1,0,visible,,"DEPARTAMENTO A ESTRENAR ""EDIFICIO CALA"": LUMINOSO 2 AMBIENTES\n\nEl edificio cuenta con una Amplia Recepción. Cuenta con Ascensor Inteligente, super luminoso y de Categoria.\nUn edificio de 7 Pisos con 11 Unidades Funcionales.\nCuenta con Terraza Compartida, Lavadero y Parrilla.\n\nUBICACION:\nHernandarias 180, San Bernardo.\nA dos cuadras de la playa y a una cuadra de Avda. San Bernardo.\nZona residencial tranquila y céntrica.\n\nDEPARTAMENTO DE 2 AMBIENTES:\nCOMODIDADES\nAmplio Living-comedor\nCocina Equipada\nBaño completo, Ducha con Hidromasaje\n1 Dormitorio\nMuy Luminoso y de Categoría.\nBalcón al frente con vista lateral al mar.\n\nDEPARTAMENTO DE 3 AMB\nCOMODIDADES:\nAmplio Living-comedor\nCocina Equipada\nDos dormitorios\nBaño completo, Ducha con Hidromasaje\nBalcón al frente con vista al mar desde el lateral\nMuy luminoso y de Categoría.\n\nDEPARTAMENTO DE 3 AMB CON PATIO INTERNO\nCOMODIDADES:\nAmplio Living-comedor\nCocina Equipada\nDos dormitorios.\nBaño completo, Ducha con Hidromasaje.\nBalcón al frente con vista al mar desde el lateral.\nPatio Interno con espacio de recreación.\nMuy luminoso y de Categoría.\n\nUNIDADES DISPONIBLES:\n\n2do PISO:\n2 amb_________________________U$D 63.000\n3 amb con patio_________________U$D 75.000\n\n4to PISO:\n3amb ________________________U$D 73.000\n\n5to PISO:\n2amb_________________________U$D 65.000\n\n6to PISO :\n3amb_________________________U$D 75.000\n\nFORMA DE PAGO: SE PUEDE ENTREGAR UN ADELANTO DEL 60% Y EL RESTO A PAGAR EN CUOTAS, CONSULTAR!\n\nDATOS DESTACADOS DEL EDIFICIO Y DEPTOS:\nLa fachada del edificio cuenta con terminaciones de revoque pintado y detalles en porcelanato y aluminio anodizado.\nAmplios balcones con revestimientos antideslizantes.\nEl Hall de entrada cuenta con Pisos de Porcelanato, paredes con revestimientos de Melamina, Cielorrasos Armados, Iluminación Led y control de Acceso.\nAscensor electrónico de gran tamaño, revestimientos en espejo, puertas de cabinas automaticas, en acero inoxidables.\nCalefacción en cada departamento, se deja previsto una instalación eléctrica para split (aire frio/ calor).\nAgua Corriente: Preparado para su conexión.\nInstalación de Video Cable / Direct TV.\n\nQUE INCLUYE CADA DEPARTAMENTO:\nTERMO TANQUE INDIVIDUALES EN CADA UNO.\nTODAS LAS UNIDADES SE ENTREGAN CON SU RESPECTIVA COCINA- EXTRACTOR- TERMOTANQUE Y PLACARD.\nGRIFERIA Y MATERIALES DE PRIMERA CALIDAD.\nCUENTAN CON GAS NATURAL.\nTodas las unidades se entregarán con la mayor calidad de detalles de terminación",,,taxable,,1,,,0,0,,,,,0,,,,Venta,,,,,,,,,,,,0,,"Estado de Propiedad","A estrenar",1,1,Operación,Venta,1,1,Localidades,"San Bernardo",1,1,Propiedad,Departamento,1,1,Servicios,"Agua corriente, Calefacción, Electricidad, Gas natural, Internet",1,1,,,,,,,,,,,,,,,,,,,,,,,,,,,,,,,,,,,,
7789,simple,,,"Duplex | Diagonal Urquiza N° 429 | San Bernardo",1,1,visible,,"Excelente Triplex a 4 cuadras del mar y en zona residencial de San Bernardo.\nEl mismo cuenta con espacio guarda-coche, amplio living-comedor, cocina separada, toilette, patio con parrilla y lavadero en P.B y en P.A nos encontramos con 2 dormitorios de los cuales uno tiene balcón al frente, amplios placares y baño completo!\n\nTODOS LOS SERVICIOS, GAS NATURAL!\nCONSULTANOS SI TE INTERESA ESTA PROPIEDAD!",,,taxable,,1,,,0,0,,,,,0,,,,Venta,,,,,,,,,,,,0,,"Estado de Propiedad",Excelente,1,1,Localidades,"San Bernardo",1,1,Operación,Venta,1,1,Propiedad,Duplex,1,1,Dormitorios,2,1,1,,,,,,,,,,,,,,,,,,,,,,,,,,,,,,,,,,,,
7819,simple,,,"Local | Jorge Newbery N° 1210 | Mar de Ajo",1,0,visible,,"Amplio Local Comercial sobre calle Newbery (continuación de calle Chiozza) a 1 cuadra del mar.\nSE VENDE COMO SE OBSERVA EN LAS FOTOS!\nCONSULTANOS SI TE INTERESA ESTA PROPUESTA!",,,taxable,,1,,,0,0,,,,,0,,,,Venta,,,,,,,,,,,,0,,Localidades,"Mar de Ajó",1,1,Operación,Venta,1,1,"Estado de Propiedad",Bueno,1,1,Propiedad,Local,1,1,,,,,,,,,,,,,,,,,,,,,,,,,,,,,,,,,,,,,,,,
7833,simple,,,"Departamento | Hernandarias N° 55 | San Bernardo",1,0,visible,,"Excelente departamento 2 ambientes ubicado en 3 ° piso por ascensor a 50 mts del mar en Edificio ADN I, el mismo se compone de cocina- comedor, baño completo, balcón al contra-frente con vista parcial al mar, dormitorio principal con placar empotrado y cochera semicubierta!\n\n5 AÑOS DE ANTIGUEDAD!\nLAVADERO!\nGAS NATURAL!\nEXCELENTE UBICACION!\n\nCONSULTANOS.",,,taxable,,1,,,0,0,,,,,0,,,,Venta,,,,,,,,,,,,0,,"Estado de Propiedad",Excelente,1,1,Localidades,"San Bernardo",1,1,Operación,Venta,1,1,Propiedad,Departamento,1,1,Servicios,"Agua corriente, Ascensor, Calefacción, Electricidad, Gas natural",1,1,Ambientes,"Balcon, Baño, Cochera, Cocina kitchinette, Comedor, Dormitorio",1,1,,,,,,,,,,,,,,,,,,,,,,,,,,,,,,,,
7936,simple,,,"Lote | Av. Santa Clara N° 1168 | Santa Clara del Mar",1,0,visible,,"Excelente Lote de 175mts² ubicado sobre calle Santa Clara del Mar, acceso por calle de arena, zona residencial... ideal para vivienda permanente.\n\nESCUCHAMOS TU PROPUESTA!",,,taxable,,1,,,0,0,,,,,0,,,,Venta,,,,,,,,,,,,0,,"Estado de Propiedad","Muy bueno",1,1,Localidades,"Santa Clara del Mar",1,1,Operación,Venta,1,1,Propiedad,Lote,1,1,Servicios,"Agua corriente, Electricidad, Internet, Teléfono, Vídeo cable",1,1,,,,,,,,,,,,,,,,,,,,,,,,,,,,,,,,,,,,
7942,simple,,,"P.H | Catamarca N° 5444 | Lucila del Mar",1,1,visible,,"Casa en complejo de 6 viviendas. NO COMPARTEN MEDIANERAS. Predio tranquilo y muy cuidado.\nExcelente PH de 3 ambientes, el mismo cuenta con cocina-comedor, baño completo, dormitorio principal en suite, 2° dormitorio, patio con parrilla, lavadero y cochera descubierta.\nA menos de 400m del mar (por bajada naútica) y a 50 m del Pinar de La Lucila del Mar con amplio espacio verde propio y compartido.\nAlarma por sensores infrarrojos. Dos aires acondicionados frío/calor. Dos estufas tiro balanceado. Termotanque. Bomba presurizadora. Direct TV PREPAGO.\nSE VENDE TOTALMENTE AMOBLADO, TODOS LOS SERVICIOS.\nCONSULTANOS!",,,taxable,,1,,,0,0,,,,,0,,,,Venta,,,,,,,,,,,,0,,Ambientes,"Cochera, Cocina, Comedor, Dormitorios, Parrilla, Patio",1,1,"Estado de Propiedad",Excelente,1,1,Localidades,"La Lucila",1,1,Operación,Venta,1,1,Baños,2,1,1,Propiedad,PH,1,1,"Venta en Dolares","50.000 a 100.000",1,1,Servicios,"Agua corriente, Calefacción, Camaras de Seguridad, Electricidad, Internet",1,1,,,,,,,,,,,,,,,,,,,,,,,,
7973,simple,,,"Duplex | Santiago del Estero N° 2257 | San Bernardo",1,0,visible,,"Excelente dúplex ubicado a 6 cuadras del mar, con todos los servicios (Gas Natural).\nEl mismo cuenta en P.B con amplio comedor, cocina separada, baño, patio con parrilla y lavadero y en P.A dispone de dormitorio principal con balcón al frente, baño completo y un 2° dormitorio con placard.\nSE VENDE TOTALMENTE AMOBLADO, SISTEMA DE CAMARAS CONECTADO!!!\n\nConsultanos si te interesa esta propiedad!",,,taxable,,1,,,0,0,,,,,0,,,,Venta,,,,,,,,,,,,0,,"Estado de Propiedad",Excelente,1,1,Dormitorios,2,1,1,Localidades,"San Bernardo",1,1,Operación,Venta,1,1,Propiedad,Duplex,1,1,"Venta en Dolares","50.000 a 100.000",1,1,,,,,,,,,,,,,,,,,,,,,,,,,,,,,,,,
8006,simple,,,"Lote | Guiraldes y Ramos Mejía  | Mar de Ajo",1,0,visible,,"Excelente lote en Esquina, ideal para vivienda permanente ya que la zona es de residentes y casas bajas, acceso por calle de arena.\nTODOS LOS SERVICIOS!\nCONSULTANOS!",,,taxable,,1,,,0,0,,,,,0,,,,Venta,,,,,,,,,,,,0,,Localidades,"Mar de Ajó",1,1,Operación,Venta,1,1,Propiedad,Lote,1,1,"Venta en Dolares","HASTA 30.000",1,1,Servicios,"Agua corriente, Electricidad, Internet, Seguridad",1,1,,,,,,,,,,,,,,,,,,,,,,,,,,,,,,,,,,,,
8025,simple,,,"Local | Av. Libertador San Martin N° 252 | Mar de Ajo",1,0,visible,,"Amplio local comercial, con vidrieras al frente ubicado a 250mts del mar y en pleno centro comercial de Mar de ajo, frente al Supermercado Coto.\nLa zona es ideal para rubros varios, ya que hay gran flujo de gente durante todo el año.\n* Metraje total: 170mts²\n* PATIO\n* TODOS LOS SERVICIOS (GAS NATURAL)\n\nCONSULTANOS!",,,taxable,,1,,,0,0,,,,,0,,,,Alquiler,,,,,,,,,,,,0,,"Estado de Propiedad","Muy bueno",1,1,Localidades,"Mar de Ajó",1,1,Operación,Alquiler,1,1,Propiedad,Local,1,1,,,,,,,,,,,,,,,,,,,,,,,,,,,,,,,,,,,,,,,,
8055,simple,,,"Departamento | Zuviria N° 137 | San Bernardo",1,1,visible,,"<p data-start=""183"" data-end=""231""><strong data-start=""183"" data-end=""231"">Monoambiente con vista al mar – San Bernardo</strong></p>\n<p data-start=""233"" data-end=""483"">Excelente monoambiente en venta ubicado a tan solo <strong data-start=""284"" data-end=""306"">150 metros del mar</strong>, en la localidad de <strong data-start=""327"" data-end=""343"">San Bernardo</strong>. La propiedad se encuentra en un <strong data-start=""377"" data-end=""388"">5° piso</strong>, lo que le otorga una <strong data-start=""411"" data-end=""443"">hermosa vista abierta al mar</strong> y gran luminosidad durante todo el día.</p>\n<p data-start=""485"" data-end=""715"">Con <strong data-start=""489"" data-end=""518"">solo 4 años de antigüedad</strong>, el departamento se presenta en <strong data-start=""551"" data-end=""571"">estado impecable</strong>, listo para habitar o para renta inmediata. Cuenta con un ambiente amplio y funcional, cocina integrada, baño completo y muy buena ventilación.</p>\n<p data-start=""717"" data-end=""880"">El edificio es moderno y bien mantenido, ideal tanto para <strong data-start=""775"" data-end=""798"">vivienda permanente</strong>, <strong data-start=""800"" data-end=""818"">uso vacacional</strong> o <strong data-start=""821"" data-end=""834"">inversión</strong> por su excelente ubicación y características.</p>\n<p data-start=""882"" data-end=""1024"">Una oportunidad única para disfrutar del mar y la tranquilidad, con todos los servicios y el centro comercial de San Bernardo a pocos minutos.</p>\n<p data-start=""882"" data-end=""1024"">CONSULTANOS!</p>",,,taxable,,1,,,0,0,,,,,0,,,,Venta,,,,,,,,,,,,0,,Operación,Venta,1,1,"Estado de Propiedad",Excelente,1,1,Localidades,"San Bernardo",1,1,Propiedad,Departamento,1,1,Servicios,"Agua corriente, Ascensor, Electricidad, Internet, Teléfono",1,1,,,,,,,,,,,,,,,,,,,,,,,,,,,,,,,,,,,,
8131,simple,,,"Departamento | Costanera N° 2610 | San Bernardo",1,0,visible,,"Departamento dos ambientes con vista parcial al mar desde el balcón que da al lateral, el mismo se ubica en 2° piso por escalera.\nLa Unidad cuenta con amplia cocina separada, comedor, baño, dormitorio principal y cochera descubierta, excelente ubicación sobre calle Costanera frente a la playa y a 100mst del centro comercial de San Bernardo!\n\nCONSULTANOS POR ESTA PROPIEDAD!!!",,,taxable,,1,,,0,0,,,,,0,,,,Venta,,,,,,,,,,,,0,,"Estado de Propiedad",Bueno,1,1,Localidades,"San Bernardo",1,1,Operación,Venta,1,1,Propiedad,Departamento,1,1,Ambientes,"Balcon, Baño, Cocina, Comedor, Dormitorio, Garage",1,1,Moneda,USD,1,1,,,,,,,,,,,,,,,,,,,,,,,,,,,,,,,,
8149,simple,,,"Departamento| Catamarca N° 2025| San Bernardo",1,1,visible,,"<strong>Departamento 2 ambientes a estrenar a 4 cuadras el mar.</strong>\n\nUltima Unidad disponible!!!\n\nExcelente departamento dos ambientes a Estrenar, ubicado en 2 piso por escalera con balcón al lateral, ubicado a 4 cuadras del mar en zona de residentes y a 50 mts de la plaza Don Bosco en San Bernardo.\nPosee termo eléctrico y placares de melamina, piso de porcelanato. El edificio es todo eléctrico.\nCuenta con quincho, parrillas y lavadero de uso común!\nEXPENSAS BAJAS!\n\nCONSULTANOS PARA MAS INFO!\n\n.\n\n&nbsp;",,,taxable,,1,,,0,0,,,,,0,,,,Venta,,,"https://administracionminini.com/wp-content/uploads/2023/04/WhatsApp-Image-2023-03-29-at-3.23.49-PM-1.jpeg, https://administracionminini.com/wp-content/uploads/2023/04/WhatsApp-Image-2023-03-29-at-3.12.40-PM-1.jpeg, https://administracionminini.com/wp-content/uploads/2023/04/WhatsApp-Image-2023-03-29-at-3.23.49-PM.jpeg, https://administracionminini.com/wp-content/uploads/2023/04/WhatsApp-Image-2023-03-30-at-10.39.31-AM-7.jpeg, https://administracionminini.com/wp-content/uploads/2023/04/WhatsApp-Image-2023-03-29-at-3.12.41-PM.jpeg, https://administracionminini.com/wp-content/uploads/2023/04/WhatsApp-Image-2023-03-29-at-3.29.32-PM-2.jpeg, https://administracionminini.com/wp-content/uploads/2023/04/WhatsApp-Image-2023-03-29-at-3.29.28-PM.jpeg, https://administracionminini.com/wp-content/uploads/2023/04/WhatsApp-Image-2023-03-29-at-3.29.29-PM-1.jpeg, https://administracionminini.com/wp-content/uploads/2023/04/WhatsApp-Image-2023-03-29-at-3.29.26-PM-3.jpeg, https://administracionminini.com/wp-content/uploads/2023/04/WhatsApp-Image-2023-03-29-at-3.29.27-PM-1.jpeg, https://administracionminini.com/wp-content/uploads/2023/04/WhatsApp-Image-2023-03-29-at-3.29.28-PM-1.jpeg",,,,,,,,,0,,Dormitorios,1,1,1,Localidades,"San Bernardo",1,1,"Estado de Propiedad","A estrenar",1,1,Operación,Venta,1,1,Ambientes,"Balcon, Cocina, Cocina-comedor, Dormitorio",1,1,Propiedad,Departamento,1,1,,,,,,,,,,,,,,,,,,,,,,,,,,,,,,,,
8156,simple,,,"Local | Chiozza N° 1857 | San Bernardo",1,0,visible,,"192mts² Totales. 10x40\n\nUbicado estratégicamente en la zona más transitada y comercial del centro de San Bernardo, este local representa la oportunidad ideal para potenciar tu marca o iniciar tu emprendimiento con el pie derecho.\n\nCon tan solo un año de antigüedad, la propiedad se encuentra en excelente estado, lista para que te instales sin demoras. Lo que realmente lo distingue es su imponente y moderna vidriera de amplias dimensiones, que garantiza una máxima exposición para tus productos o servicios, captando la atención de miles de transeúntes diariamente.\n\nAdemás, cuenta con un práctico entrepiso, ideal para oficina, depósito o para expandir tu área de ventas, optimizando cada metro cuadrado. La combinación de su ubicación premium, diseño moderno y excelente visibilidad lo convierten en una inversión inteligente para cualquier tipo de rubro.\n\nNo pierdas esta inmejorable oportunidad de posicionarte en el centro neurálgico de San Bernardo.",,,taxable,,1,,,0,0,,,,,0,,,,Alquiler,,,,,,,,,,,,0,,"Estado de Propiedad",Excelente,1,1,Localidades,"San Bernardo",1,1,Propiedad,Local,1,1,Operación,Alquiler,1,1,,,,,,,,,,,,,,,,,,,,,,,,,,,,,,,,,,,,,,,,
8165,simple,,,"Departamentol | Mendoza N° 4001| Costa Azul",1,1,visible,,"Departamento en venta en el edificio MINADA XI, ubicado en Mendoza esquina Alberdi, Costa Azul. Se trata de una unidad de 2 ambientes en primer piso por escalera, con gas natural, amoblado, estufa a gas y aire acondicionado.\nCuenta con pisos de porcelanato, espacio guarda-coche y tres balcones que brindan excelente iluminación y ventilación. Una propiedad lista para habitar, en una zona tranquila y residencial, a pocas cuadras del mar.\n\nTotal mts²: 49mts² Departamento+ 13mts² espacio guarda-coche.\n\nConsultanos para más información o para coordinar una visita!",,,taxable,,1,,,0,0,,,,,0,,,,Venta,,,,,,,,,,,,0,,"Estado de Propiedad",Excelente,1,1,Localidades,"Costa Azul",1,1,Operación,Venta,1,1,Propiedad,Departamento,1,1,Dormitorios,1,1,1,Moneda,USD,1,1,,,,,,,,,,,,,,,,,,,,,,,,,,,,,,,,
8205,simple,,,"Departamento| Av. San Bernardo N° 400 | San Bernardo",1,1,visible,,"¡Oportunidad en San Bernardo!\n\nPlena Av. San Bernardo A solo metros del centro comercial y los mejores restaurantes\nA 4 cuadras del mar\nGas natural instalado\n\nDepartamento 3 ambientes totalmente reciclado\n33 m² funcionales y bien distribuidos\nIdeal para vacacionar o vivir todo el año en una zona estratégica de la ciudad.\n\nEL EDIFICIO CUENTA CON PARQUE Y PARRILLAS DE USO COMUN.\nFINANCIACION PROPIA SE ACEPTAN PERMUTAS DE MENOR VALOR!\n\nConsultanos para visitarlo.",,,taxable,,1,,,0,0,,,,,0,,,,Venta,,,,,,,,,,,,0,,"Estado de Propiedad",Excelente,1,1,"Cantidad de ambientes",3,1,1,Localidades,"San Bernardo",1,1,Operación,Venta,1,1,Propiedad,Departamento,1,1,"Venta en Dolares","Hasta 50.000",1,1,,,,,,,,,,,,,,,,,,,,,,,,,,,,,,,,
8234,simple,,,"Departamento | Jorge Newbery N° 5 | Mar de Ajo",1,0,visible,,"<strong>Monoambiente Ideal: a 100 mts del mar y en pleno centro!</strong>\n\nDepartamento de 1 ambiente dividido, ubicado en el 8º piso del Edificio Ancla X. La unidad cuenta con vista al mar, muy buena luminosidad y ventilación. El edificio tiene 8 departamentos por piso.\n\nLa propiedad dispone de:\n\nCocina independiente con lavadero separado\n\nBaño completo\n\nInstalación de gas natural\n\nAmbiente cómodo, ideal tanto para vivienda permanente como para inversión turística.\n\nUbicado en el centro comercial de la ciudad, con acceso inmediato a comercios, transporte y servicios. ¡A solo 1 cuadra de la playa!\n\nConsultanos para visitarlo o solicitar más información.",,,taxable,,1,,,0,0,,,,,0,,,,Venta,,,,,,,,,,,,0,,"Estado de Propiedad",Excelente,1,1,Localidades,"Mar de Ajó",1,1,Operación,Venta,1,1,Propiedad,Departamento,1,1,Moneda,USD,1,1,,,,,,,,,,,,,,,,,,,,,,,,,,,,,,,,,,,,
8257,simple,,,"Cochera | Marano N° 265 | Mar de Ajo",1,0,visible,,"<strong>Oportunidad: Cochera cubierta a pasos de la playa!</strong>\n\nSe ofrece cochera cubierta ubicada en el Edificio Ancla IV, sito en Marano 265, Piso 5, unidad N° 515. Se trata de un edificio exclusivo de cocheras, con acceso mediante ascensor y presencia de encargado con horario fijo, lo que garantiza mayor seguridad y control de acceso.\n\nIdeal para quienes buscan una solución práctica y segura para el guardado de su vehículo en el centro de la ciudad.\nCONSULTANOS!",,,taxable,,1,,,0,0,,,,,0,,,,Venta,,,,,,,,,,,,0,,Localidades,"Mar de Ajó",1,1,"Estado de Propiedad",Excelente,1,1,Operación,Venta,1,1,Propiedad,Cochera,1,1,Moneda,USD,1,1,,,,,,,,,,,,,,,,,,,,,,,,,,,,,,,,,,,,
8264,simple,,,"Departamento | Avellaneda N° 236 | Mar de Ajo",1,0,visible,,"<strong>Avellaneda N° 236 1º Piso (PH al Frente)</strong>\n\n&nbsp;\n\nDepartamento en propiedad horizontal, ubicado en el primer por escalera, 1° piso al frente, con balcón a la calle y excelente ubicación: a solo 200 metros del mar, en plena zona céntrica.\n\nLa unidad cuenta con:\n\n2 dormitorios\n\nBaño completo con bañera\n\nCocina-comedor de tamaño funcional\n\nBalcón al frente\n\nGas natural instalado\n\nIdeal para vivienda permanente, uso turístico o inversión. Entorno con comercios, transporte y servicios a pocos pasos. ¡Una oportunidad a metros de la playa!",,,taxable,,1,,,0,0,,,,,0,,,,Venta,,,,,,,,,,,,0,,"Estado de Propiedad","Muy bueno",1,1,Localidades,"Mar de Ajó",1,1,Operación,Venta,1,1,Propiedad,Departamento,1,1,Dormitorios,2,1,1,Moneda,USD,1,1,"Venta en Dolares","Hasta 40.000",1,1,,,,,,,,,,,,,,,,,,,,,,,,,,,,
8316,simple,,,"Lote | Zuviria N° 1700 | San Bernardo",1,0,visible,,"AMPLIO LOTE DE 450M² EN SAN BERNARDO OPORTUNIDAD!\n\nUbicado sobre calle Zuviria entre calle 24 y calle 25.\nZona residencial.\nSe encuentra a tan solo 350 metros de la Plaza San Carlos y Parque de Calistenia.\nA 650 metros del Jardín Colegio San Bernardo,\n\nMEDIDAS:\n\n30 X 15 MTS\nCon una superficie total de de 450mts²\n\n----------------Valor U$D 20.000---------------\n\nESCUCHAMOS TU PROPUESTA, FINANCIAMIENTO DISPONIBLE!",,,taxable,,1,,,0,0,,,,,0,,,,Venta,,,,,,,,,,,,0,,Localidades,"San Bernardo",1,1,Operación,Venta,1,1,Propiedad,Lote,1,1,Servicios,"Agua corriente, Calefacción, Electricidad, Teléfono, Vídeo cable",1,1,,,,,,,,,,,,,,,,,,,,,,,,,,,,,,,,,,,,,,,,
8322,simple,,,"Departamento | La Rioja N° 2435 | San Bernardo",1,0,visible,,"Departamento de 2 ambientes 1° piso por escalera Amoblado Excelente estado\n\nUbicado a solo 3 cuadras del mar y 2 del centro comercial, este departamento idealmente conservado se ofrece completamente amoblado y listo para habitar o rentar.\n\nInterior:\nLiving-comedor luminoso, con ventilación natural y buena distribución del espacio.\n\nCocina independiente equipada con muebles completos y electrodomésticos esenciales.\n\nDormitorio cómodo con placard, cama, sommier y accesorios, listo para mudarse.\n\nBaño completo en impecable estado, con mesada, bidet y accesorios en perfecto funcionamiento.\n\nLa propiedad se entrega totalmente amoblada y decorada, en excelente conservación.\n\nUbicación y entorno:\nA solo 3 cuadras del mar, ideal para disfrutar de la costa a pie.\n\nA 2 cuadras del centro comercial: comercios, restaurantes, supermercados y transporte público a pasos.\n\nZona muy buscada por residentes permanentes y vacacionistas.\n\nVentajas destacadas:\nEntrega inmediata: listo para vivir o invertir sin obras ni reformas.\n\nAmoblado en su totalidad: ahorrá tiempo y costos en mobiliario.\n\nMuy buen estado de conservación, sin necesidad de mantenimiento.\n\nExcelente potencial de renta para temporada o alquiler anual.",,,taxable,,1,,,0,0,,,,,0,,,,Venta,,,,,,,,,,,,0,,"Estado de Propiedad",Excelente,1,1,Localidades,"San Bernardo",1,1,Operación,Venta,1,1,Propiedad,Departamento,1,1,Moneda,USD,1,1,Ambientes,"Balcon, Baño, Cocina, Comedor, Dormitorio",1,1,,,,,,,,,,,,,,,,,,,,,,,,,,,,,,,,
8395,simple,,,"Departamento | Machado Nº 217 | San Bernardo",1,0,visible,,"Monoambiente en San Bernardo a 2 cuadras del mar con patio, parrilla y lavadero\n\n¡Excelente oportunidad! Monoambiente amplio y luminoso, ubicado a solo 2 cuadras del mar y a pocas cuadras del centro de San Bernardo.\n\nCuenta con:\n\nPatio privado ideal para disfrutar al aire libre\n\nParrilla propia\n\nLavadero independiente\n\nCocina integrada\n\nBaño completo\n\nUbicado en una zona tranquila, con acceso rápido a la playa, comercios y transporte. Ideal para vacaciones, inversión o vivienda permanente.\n\n¡Listo para habitar o alquilar!\n\nCONSULTANOS!",,,taxable,,1,,,0,0,,,,,0,,,,Venta,,,,,,,,,,,,0,,"Estado de Propiedad","Muy bueno",1,1,"Cantidad de ambientes",1,1,1,Localidades,"San Bernardo",1,1,Operación,Venta,1,1,Propiedad,Departamento,1,1,,,,,,,,,,,,,,,,,,,,,,,,,,,,,,,,,,,,
8420,simple,,,"Departamento | Querini Nº 68 | San Bernardo",1,0,visible,,"Departamento 2 Ambientes Reciclado a Nuevo A 50 mts del Mar, Amoblado, Impecable!\n\nCON COCHERA CUBIERTA!\n\nExcelente oportunidad en San Bernardo: departamento de 2 ambientes reciclado a nuevo, ubicado en primer piso por escalera, en pleno centro comercial y a solo 50 metros de la playa.\n\nLa unidad cuenta con:\n\nLiving-comedor luminoso\n\nCocina integrada completamente equipada\n\nDormitorio con placard\n\nBaño renovado a nuevo\n\nSe vende totalmente amoblado\n\nEstado impecable, listo para habitar\n\nUbicado en una zona privilegiada, con todos los servicios cerca (supermercados, cafés, transporte) y la playa a solo unos pasos. Ideal tanto para uso personal como para renta turística.\n\n¡Listo para disfrutar o invertir sin tener que hacerle nada!",,,taxable,,1,,,0,0,,,,,0,,,,Venta,,,,,,,,,,,,0,,"Estado de Propiedad",Excelente,1,1,"Cantidad de ambientes",2,1,1,Localidades,"San Bernardo",1,1,Propiedad,Departamento,1,1,Operación,Venta,1,1,Ambientes,"Baño, Cochera, Cocina-comedor, Dormitorio",1,1,,,,,,,,,,,,,,,,,,,,,,,,,,,,,,,,
8460,simple,,,"Departamento | Mitre N° 2530 | San Bernardo",1,0,visible,,"Departamento de 2 Ambientes a 5 Cuadras del Mar ¡Se Vende Amoblado!\n\nExcelente oportunidad para vivir cerca del mar o invertir en la costa.\nEste cómodo departamento de 2 ambientes se encuentra en buen estado general y listo para habitar. Ubicado a solo 5 cuadras de la playa, en una zona tranquila y de fácil acceso.\n\nTercer piso por escalera.\n\nConsta de:\n\nLiving-comedor luminoso\n\nCocina integrada/equipada\n\nDormitorio con placard\n\nBaño completo\n\nTotalmente amoblado: ¡se vende con todo lo que ves en las fotos!\n\nIdeal para vivienda permanente, escapadas de fin de semana o renta temporaria.\n\nDocumentación al día. ¡Listo para escriturar!\n\nConsultanos para más info o coordinar una visita.",,,taxable,,1,,,0,0,,,,,0,,,,Venta,,,,,,,,,,,,0,,Operación,Venta,1,1,"Estado de Propiedad",Bueno,1,1,Localidades,"San Bernardo",1,1,Propiedad,Departamento,1,1,Ambientes,"Baño, Cocina-comedor, Dormitorio, Parrilla",1,1,"Cantidad de ambientes",2,1,1,Moneda,USD,1,1,,,,,,,,,,,,,,,,,,,,,,,,,,,,
8510,simple,,,"Lote | Mendoza N° 4150 | Costa Azul",1,0,visible,,"Excelente oportunidad en Costa Azul, sobre avenida de alto tránsito, a solo una cuadra del mar.\nSe trata de un lote amplio en forma de L, con acceso principal por avenida y una casa al fondo del terreno, ideal como vivienda de apoyo, depósito o para refaccionar.\n\nUbicación estratégica, ideal para construir locales, departamentos, complejo turístico o vivienda multifamiliar\nZona en crecimiento, con gran circulación vehicular.\nTodos los servicios disponibles\nEscritura al día\n\nIdeal para inversores o desarrolladores que buscan una propiedad con gran potencial a metros de la playa.\n\nConsultanos para más información o para coordinar una visita.",,,taxable,,1,,,0,0,,,,,0,,,,Venta,,,,,,,,,,,,0,,Propiedad,Lote,1,1,Operación,Venta,1,1,Moneda,USD,1,1,Localidades,"Costa Azul",1,1,,,,,,,,,,,,,,,,,,,,,,,,,,,,,,,,,,,,,,,,
8541,simple,,,"Cochera | Falkner N° 172 | San Bernardo",1,0,visible,,"Oportunidad ideal para asegurar tu lugar cerca de la playa.\nCochera cubierta ubicada a solo 150 metros del mar, en excelente zona de San Bernardo, con fácil acceso y buen entorno.\n\nEspacio amplio y techado\nAcceso seguro\nIdeal para auto, SUV o como inversión\nBajas expensas\n\nPerfecta para quienes ya tienen propiedad en la zona o buscan resguardar su vehículo en temporada.\nACCESO MEDIANTE PORTON ELECTRICO.\n\n¡Consultá para más detalles o agendá una visita!",,,taxable,,1,,,0,0,,,,,0,,,,Venta,,,,,,,,,,,,0,,"Estado de Propiedad","Muy bueno",1,1,Localidades,"San Bernardo",1,1,Operación,Venta,1,1,Propiedad,Cochera,1,1,Moneda,USD,1,1,,,,,,,,,,,,,,,,,,,,,,,,,,,,,,,,,,,,
8553,simple,,,"Departamento| Zuviria N° 178 | San Bernardo",1,1,visible,,"Moderno Departamento de 2 Ambientes con Balcón, Lavadero y Cochera ¡Listo para Mudarse!\n\nExcelente oportunidad de compra: departamento de 2 ambientes al contra-frente, muy luminoso y en excelente estado.\n\nSuperficie total: 65 m², distribuidos en:\n\n46,61 m² cubiertos\n\n8,20 m² semicubiertos (balcón y lavadero)\n\n11 m² de cochera fija descubierta (espacio guarda coche)\n\nInterior:\n\nLiving comedor con piso flotante\n\nCocina independiente con espacio para lavarropas\n\nBalcón al contra-frente\n\nDormitorio con placard y cortinas black out\n\n1 aire acondicionado instalado\n\nBaño completo\n\nEdificio con amenities:\n\nParrilla de uso común\n\nCámaras de seguridad en espacios comunes\n\nEl departamento se entrega vacío, listo para habitar o alquilar.\n\nIdeal tanto para vivienda propia como inversión. Excelente ubicación con fácil acceso a transporte y comercios cercanos.",,,taxable,,1,,,0,0,,,,,0,,,,Venta,,,,,,,,,,,,0,,"Estado de Propiedad",Excelente,1,1,Localidades,"San Bernardo",1,1,Operación,Venta,1,1,Moneda,USD,1,1,Propiedad,Departamento,1,1,Dormitorios,1,1,1,Ambientes,"Balcon, Baño, Cocina-comedor, Dormitorio, Garage, Lavadero",1,1,,,,,,,,,,,,,,,,,,,,,,,,,,,,
8575,simple,,,"Lote| Mitre N° 178 | Mar de Ajo",1,0,visible,,"Lote de 600 m² a 5 Cuadras del Mar Mar de Ajó\n\nExcelente oportunidad para invertir en la costa atlántica. Lote de 600 metros cuadrados, ubicado a solo 5 cuadras del mar, en una zona en crecimiento de Mar de Ajó.\n\nMedidas aproximadas: 15 metros de frente x 40 metros de fondo\nUbicación ideal: entorno tranquilo, con vecinos estables y acceso rápido a la playa, comercios y transporte.\n\nIdeal para:\n\nConstrucción de vivienda permanente o de veraneo\n\nEmprendimiento turístico\n\nProyecto de inversión a futuro\n\nServicios disponibles en la zona: luz, agua corriente y recolección de residuos (consultar disponibilidad según la cuadra)\n\n¡Disfrutá de la tranquilidad del mar y la posibilidad de construir a tu gusto!",,,taxable,,1,,,0,0,,,,,0,,,,Venta,,,,,,,,,,,,0,,Localidades,"Mar de Ajó",1,1,Propiedad,Lote,1,1,Operación,Venta,1,1,Moneda,USD,1,1,,,,,,,,,,,,,,,,,,,,,,,,,,,,,,,,,,,,,,,,
8608,simple,,,"PH | Corvalán N° 1118 | Wilde",1,0,visible,,"Venta Departamento 3 Ambientes Planta Baja Interno Wilde\n¡Excelente oportunidad en Wilde!\n\nDepartamento de 3 ambientes, ubicado en planta baja interna, con una superficie total de 75 m². Ideal para quienes buscan comodidad y buena distribución en una zona tranquila y bien conectada.\n\nCaracterísticas principales:\n\n2 dormitorios amplios y luminosos\n\nLiving-comedor con buena ventilación\n\nCocina independiente con muebles bajo mesada\n\nBaño completo\n\nInstalación de gas natural\n\nUbicado en el corazón de Wilde, con fácil acceso a medios de transporte, centros comerciales, colegios y avenidas principales.\n\nIdeal tanto para vivienda permanente como para inversión.\n\nDocumentación al día\nPosibilidad de escriturar de inmediato\n\n¡Consultanos para coordinar una visita!",,,taxable,,1,,,0,0,,,,,0,,,,Venta,,,,,,,,,,,,0,,"Estado de Propiedad",Bueno,1,1,Localidades,WILDE,1,1,Operación,Venta,1,1,Propiedad,PH,1,1,Servicios,"Agua corriente, Calefacción, Electricidad, Gas natural",1,1,,,,,,,,,,,,,,,,,,,,,,,,,,,,,,,,,,,,
8626,simple,,,"PH | Corvalán N° 1118 | Wilde",1,0,visible,,"Descripción:\n\n¡Oportunidad única en Wilde!\nSe vende PH de 3 ambientes en excelente estado, ubicado en Corvalán 1122, partido de Avellaneda, en el corazón de Wilde.\n\nUbicado en primer piso por cómoda escalera, esta propiedad cuenta con 53 m² totales bien distribuidos, ideal para quienes buscan comodidad y funcionalidad.\n\nCaracterísticas principales:\n2 dormitorios luminosos\n\nLiving-comedor de buen tamaño\n\nCocina independiente con muebles bajo mesada\n\nBaño completo\n\nCochera cubierta con acceso independiente\n\nExcelente ventilación cruzada y luz natural\n\nSin expensas\n\nLa propiedad se encuentra en una zona residencial tranquila, con fácil acceso a principales avenidas, transporte público, comercios y colegios.\n\nIdeal para primera vivienda o inversión.\n¡Listo para mudarse!",,,taxable,,1,,,0,0,,,,,0,,,,Venta,,,,,,,,,,,,0,,"Estado de Propiedad","Muy bueno",1,1,Operación,Venta,1,1,Propiedad,PH,1,1,Localidades,WILDE,1,1,,,,,,,,,,,,,,,,,,,,,,,,,,,,,,,,,,,,,,,,
8646,simple,,,"Departamento | San Juan N° 4755  | Lucila del Mar",1,0,visible,,"Ubicado en el corazón de la Lúcila sobre calle San Juan y a 1 cuadra del Mar, encontramos este dpto de 1 ambientes al frente, en 2 piso por escalera con espacio guarda-coche dentro del edificio.\nEl mismo cuenta con cocina separada, comedor, dormitorio y baño, el complejo posee patio con quincho cubierto y parrillas de uso común.\nTotalmente seguro ya que tienen cuidador permanente.\nSe vende totalmente amoblado!\n\nESCUCHAMOS OFERTAS!!31",,,taxable,,1,,,0,0,,,,,0,,,,Venta,,,,,,,,,,,,0,,"Estado de Propiedad",Bueno,1,1,Localidades,"La Lucila",1,1,Operación,Venta,1,1,Propiedad,Departamento,1,1,Servicios,"Calefacción, Camaras de Seguridad, Electricidad",1,1,,,,,,,,,,,,,,,,,,,,,,,,,,,,,,,,,,,,
8707,simple,,,"PH | Rivadavia N° 243 | Costa Azul",1,0,visible,,"ALQUILER ANUAL!\n\nExcelente PH ubicado a 2 cuadras y media del mar y a pocos metros de calle Mendoza (Av. mas importante de Costa Azul). La propiedad cuenta con pequeño jardín al frente, cocina, comedor, 2 dormitorios, baño completo, parrilla y espacio guarda-coche.\nSe alquila como se observa en las fotos totalmente amoblado.\nEscuchamos ofertas, posibilidad de financiación o entrega de vehículo en parte de pago.\n\nCONSULTANOS SI TE INTERESA ESTA PROPIEDAD!",,,taxable,,1,,,0,0,,,,,0,,,,Alquiler,,,,,,,,,,,,0,,Ambientes,"Baño, Cocina-comedor, Dormitorio, Garage, Jardin Frente",1,1,Servicios,"Agua corriente, Electricidad, Internet, Vídeo cable",1,1,Propiedad,PH,1,1,Operación,Alquiler,1,1,Localidades,"Costa Azul",1,1,,,,,,,,,,,,,,,,,,,,,,,,,,,,,,,,,,,,
8708,simple,,,"Departamento | La Rioja N° 2435 | San Bernardo",1,0,visible,,"Descripción del inmueble:\n\n¡Excelente oportunidad! Departamento de 2 ambientes ubicado a tan solo 3 cuadras del mar, ideal para disfrutar todo el año o como inversión para renta temporaria.\n\nUbicado en un 3° piso por escalera, el departamento se encuentra en muy buen estado y se vende completamente amoblado, listo para habitar o alquilar. Cuenta con:\n\nLiving-comedor luminoso\n\nCocina integrada\n\nDormitorio con placard\n\nBaño completo\n\nBalcón al frente\n\nCochera cubierta en el mismo edificio\n\nLa propiedad está situada en una zona tranquila, de fácil acceso, cercana a comercios, transporte y espacios recreativos.\n\nListo para escriturar.\n\n¡No te pierdas esta oportunidad de tener tu lugar en la costa!",,,taxable,,1,,,0,0,,,,,0,,,,Venta,,,,,,,,,,,,0,,"Estado de Propiedad",Excelente,1,1,Localidades,"San Bernardo",1,1,Operación,Venta,1,1,Propiedad,Departamento,1,1,"Cantidad de ambientes",2,1,1,"Venta en Dolares","Hasta 50.000",1,1,,,,,,,,,,,,,,,,,,,,,,,,,,,,,,,,
8728,simple,,,"PH | Corvalán N° 1118 | Wilde",1,0,visible,,"PH 2 Amb. con Patio en PB – Excelente Ubicación en Wilde.\n\n&nbsp;\n\nDescripción:\n\nTe presentamos un cómodo PH en planta baja, ideal para quienes buscan vivir con autonomía y estilo propio. Con entrada independiente, esta unidad de 2 ambientes está perfectamente diseñada para brindar practicidad y confort.\n\nDistribución eficiente: se accede directamente al living comedor, un espacio cálido y funcional que conecta con la cocina. El ambiente permite armar una zona social acogedora.\n\nDormitorio luminoso: el ambiente cuenta con buena ventilación e iluminación natural, ideal para crear un espacio de descanso cómodo.\n\nBaño completo: en buen estado, perfectamente funcional.\n\nPatio propio: un ambiente pequeño pero funcional que suma un espacio exterior privado. Ideal para poner una mesa de luz y plantas, disponer lavadero o simplemente disfrutar de aire libre sin salir de casa.\n\nUbicación estratégica: ubicado en Wilde, sobre calle Corvalán, con fácil acceso a comercios, líneas de transporte y avenidas principales una excelente alternativa de vivienda con independencia y sin expensas.",,,taxable,,1,,,0,0,,,,,0,,,,Venta,,,,,,,,,,,,0,,"Estado de Propiedad","Muy bueno",1,1,Operación,Venta,1,1,Propiedad,PH,1,1,Localidades,WILDE,1,1,Moneda,USD,1,1,"Venta en Dolares","50.000 a 100.000",1,1,,,,,,,,,,,,,,,,,,,,,,,,,,,,,,,,
8740,simple,,,"PH | Corvalán N° 1118 | Wilde",1,0,visible,,"Venta PH 3 Ambientes en Wilde 2° Piso por Escalera con Patio y Parrilla (108 m² Totales)\nTe presentamos esta excelente oportunidad: PH tipo casa de 3 ambientes, ubicado en el segundo piso por escalera, sin expensas, con amplios espacios exteriores que lo convierten en una propiedad ideal para quienes valoran la comodidad, la privacidad y el aire libre.\n\nUbicación: Zona residencial de Wilde, entorno tranquilo y de fácil acceso, cercano a comercios, transporte público, escuelas y avenidas principales.\n\nCaracterísticas principales:\nSuperficie total: 108 m²\n\n2 dormitorios cómodos y luminosos, ambos con ventilación natural\n\nLiving-comedor amplio, con excelente luz y ventilación\n\nCocina independiente, equipada y con buena capacidad de guardado\n\nBaño completo, en muy buen estado\n\nGran patio privado, ideal para disfrutar al aire libre\n\nParrilla, perfecta para reuniones y fines de semana\n\nEspacios muy luminosos y bien distribuidos\n\nEntrada independiente sin expensas\n\nIdeal para:\nFamilias, parejas o personas que buscan una propiedad con la comodidad de una casa, espacios al aire libre y sin los costos mensuales de un edificio.\n\nConsultanos para coordinar una visita y conocer esta propiedad única en Wilde.",,,taxable,,1,,,0,0,,,,,0,,,,Venta,,,,,,,,,,,,0,,"Estado de Propiedad","Muy bueno",1,1,Operación,Venta,1,1,Propiedad,PH,1,1,Localidades,WILDE,1,1,Moneda,USD,1,1,"Venta en Dolares","50.000 a 100.000",1,1,,,,,,,,,,,,,,,,,,,,,,,,,,,,,,,,
8766,simple,,,"Departamento | Joaquin V. Gonzalez esq. Chiozza  | San Bernardo",1,0,visible,,"¡Excelente oportunidad en pleno centro de San Bernardo!\nDepartamento de 3 ambientes, ubicado a solo 1 cuadra del mar, con gas natural conectado y todos los servicios.\n\nLa unidad se encuentra en una zona inmejorable, cerca de comercios, transporte, y a pasos de la peatonal. Ideal tanto para vivir todo el año como para vacaciones o renta turística.\n\nUbicación: San Bernardo centro a 100 metros de la playa\nAmbientes: 2 dormitorios + living-comedor\nCocina independiente\nBaño completo\nGas natural instalado\nMuy luminoso y ventilado\nBuen estado general\nAcceso por escalera\nNo dejes pasar esta oportunidad de tener tu departamento cerca del mar, con todos los servicios y en el corazón de San Bernardo.\n\nConsultanos para más información o para coordinar una visita.",,,taxable,,1,,,0,0,,,,,0,,,,Venta,,,,,,,,,,,,0,,"Venta en Dolares","50.000 a 100.000",1,1,"Estado de Propiedad",Excelente,1,1,Operación,Venta,1,1,Propiedad,Departamento,1,1,Dormitorios,3,1,1,Moneda,USD,1,1,"Cantidad de ambientes",3,1,1,,,,,,,,,,,,,,,,,,,,,,,,,,,,
8801,simple,,,"Lote | Los Pinos entre las Vivoras y La Perdiz | Gral Lavalle",1,0,visible,,"&nbsp;\n\n<b>Su Mejor Inversión en Pavón. Financiación, Permutas y Precios de Contado.</b>\n\nPresentamos el lanzamiento más esperado en la zona con mayor proyección de la región. Un desarrollo de más de 200 lotes en Pavón, entre Garita 5 y 6, donde ofrecemos una estructura comercial sin precedentes para facilitar su inversión.\n\nCapitalice el crecimiento de una zona en plena expansión con la máxima seguridad jurídica y la flexibilidad que necesita.\n\n<b>Nuestros diferenciales:</b>\n<ul>\n 	<li><b>Flexibilidad Comercial Total:</b> Ofrecemos una <b>amplia financiación</b> a su medida, <b>aceptamos propiedades en parte de pago (permutas)</b> y brindamos los descuentos más competitivos del mercado por <b>pago de contado</b>.</li>\n 	<li><b>Seguridad Jurídica:</b> Escrituración inmediata al momento de la compra.</li>\n 	<li><b>Calidad y Entorno:</b> Lotes de amplias dimensiones en un entorno natural que garantiza tranquilidad y plusvalía.</li>\n 	<li><b>Potencial de Crecimiento:</b> Ubicación privilegiada en el corazón del nuevo desarrollo de Pavón.</li>\n</ul>\nLa primera etapa de venta ya está disponible. Sea pionero y asegure su inversión en las condiciones más favorables del mercado.\n\n<b>Consulte hoy mismo por nuestros planes de financiación, permuta o descuentos por pago de contado. Nuestros asesores están a su disposición.</b>",,,taxable,,1,,,0,0,,,,,0,,,,Venta,,,,,,,,,,,,0,,Localidades,"Gral. Lavalle",1,1,Operación,Venta,1,1,Propiedad,Lote,1,1,"Venta en Dolares","Hasta 10.000",1,1,,,,,,,,,,,,,,,,,,,,,,,,,,,,,,,,,,,,,,,,
8820,simple,,,"Lote | Mendoza N° 4415 | Costa Azul",1,0,visible,,"Descripción:\n\nSe vende lote de 300m² idealmente ubicado en Costa Azul, sobre Avenida Mendoza y a tan solo una cuadra del mar.\n\nUbicación privilegiada: accesos pavimentados, zona residencial tranquila y bien consolidada.\n\nProximidad al mar: a escasos metros de la playa ideal para descansar, construir tu casa de veraneo, o invertir en un proyecto vacacional.\n\nFrente a Av. Mendoza: importante avenida de conexión, lo que asegura visibilidad, servicios cercanos (comercios, cafeterías, transporte) y facilidad\nde acceso.\n\nMedidas y topografía: lote plano, de forma regular, lo que simplifica cualquier construcción o proyecto que desees realizar.\n\nServicios disponibles: luz, agua potable, cloacas, y otras infraestructuras básicas en las inmediaciones.\n\nPERMUTA POR METROS CUADRADOS.\n\nCONSULTANOS!",,,taxable,,1,,,0,0,,,,,0,,,,Venta,,,,,,,,,,,,0,,Localidades,"Costa Azul",1,1,Operación,Venta,1,1,Propiedad,Lote,1,1,Moneda,USD,1,1,"Venta en Dolares","Hasta 50.000",1,1,,,,,,,,,,,,,,,,,,,,,,,,,,,,,,,,,,,,
8837,simple,,,"Departamento | Costanera N° 5446 | Lucila del Mar",1,1,visible,,"Oportunidad frente al mar en Lucila del Mar!\n\nSe vende monoambiente en planta baja, ubicado frente al mar, ideal para disfrutar todo el año o como inversión para renta turística.\nEl departamento se encuentra en excelente estado y se vende totalmente amoblado, listo para habitar. Cuenta con gas natural, lo que lo hace cómodo y funcional tanto en verano como en invierno.\n\nEl edificio ofrece amenities para disfrutar al máximo:\n\nParrillas de uso común\n\nLavadero compartido\n\nEspacios con hermosa vista al mar\n\nUbicación privilegiada, a pocos pasos de la playa y cerca del centro comercial.\n\n¡Listo para mudarte o alquilarlo ya!",,,taxable,,1,,,0,0,,,,,0,,,,Venta,,,,,,,,,,,,0,,"Estado de Propiedad","Muy bueno",1,1,Localidades,"La Lucila",1,1,"Cantidad de ambientes",1,1,1,Operación,Venta,1,1,Propiedad,Departamento,1,1,Moneda,USD,1,1,"Venta en Dolares","Hasta 40.000",1,1,,,,,,,,,,,,,,,,,,,,,,,,,,,,
8904,simple,,,"Departamento | Santa María de Oro N° 144 | San Bernardo",1,1,visible,,"Excelente ubicación, a solo una cuadra y media de la playa y en el corazón de San Bernardo, cerca de comercios, restaurantes y peatonal.\nEl departamento cuenta con 3 ambientes amplios y luminosos, distribuidos en living-comedor, dos dormitorios, cocina independiente y baño completo.\nEdificio con ascensor, ideal para disfrutar de unas vacaciones cómodas o para vivir todo el año.\n\nUna opción perfecta para quienes buscan confort, ubicación y cercanía al mar.\n\nCONSULTANOS!",,,taxable,,1,,,0,0,,,,,0,,,,Venta,,,,,,,,,,,,0,,Ambientes,"Baño, Baulera, Cocina-comedor, Dormitorios",1,1,"Estado de Propiedad",Bueno,1,1,Localidades,"San Bernardo",1,1,Operación,Venta,1,1,Propiedad,Departamento,1,1,"Venta en Dolares","Hasta 40.000",1,1,,,,,,,,,,,,,,,,,,,,,,,,,,,,,,,,
8930,simple,,,"Departamento | Francisco de las Carreras N° 97 | Mar de Ajo",1,0,visible,,"Hermoso departamento de 2 ambientes ubicado en pleno centro de Mar de Ajó, a solo 3 cuadras del mar y cerca de todos los comercios, servicios y medios de transporte.\nLa propiedad se encuentra en excelentes condiciones, lista para habitar.\n\nCuenta con living-comedor, cocina separada, dormitorio luminoso, baño completo y un amplio patio privado, ideal para disfrutar al aire libre o sumar parrilla.\nDispone de instalación de gas natural y todos los servicios.\n\nUna oportunidad única para vivir todo el año o disfrutar tus vacaciones en la costa, combinando confort, ubicación y tranquilidad.\n\nCONSULTANOS!",,,taxable,,1,,,0,0,,,,,0,,,,Venta,,,,,,,,,,,,0,,Ambientes,"Baño, Cocina, Comedor, Dormitorio, Parrilla, Patio",1,1,"Estado de Propiedad",Excelente,1,1,Localidades,"Mar de Ajó",1,1,Operación,Venta,1,1,Propiedad,Departamento,1,1,"Venta en Dolares","Hasta 50.000",1,1,"Cantidad de ambientes",2,1,1,,,,,,,,,,,,,,,,,,,,,,,,,,,,
8949,simple,,,"Departamento | Chiozza esq. Joaquin V. Gonzalez| San Bernardo",1,1,visible,,"Oportunidad en pleno centro de San Bernardo!\n\nSe vende departamento de 2 ambientes con balcón al frente, ubicado sobre calle Chiozza, a solo una cuadra del mar.\nEl inmueble se encuentra en un 1° piso por escalera, con gas natural y un estado impecable, listo para habitar o invertir.\n\nUbicación inmejorable: pleno centro de San Bernardo, cerca de todos los comercios, restaurantes y atractivos principales.\nCaracterísticas destacadas:\n\n2 ambientes cómodos y luminosos\n\nBalcón al frente con vista abierta\n\nCocina equipada con gas natural\n\nExcelente estado general\n\nEdificio de bajas expensas\n\nIdeal para disfrutar todo el año o como inversión para renta turística.\n\nConsultá para coordinar tu visita y no te pierdas esta oportunidad!",,,taxable,,1,,,0,0,,,,,0,,,,Venta,,,,,,,,,,,,0,,"Venta en Dolares","50.000 a 100.000",1,1,Ambientes,"Balcon, Baño, Cocina-comedor, Dormitorio, Parrilla",1,1,"Estado de Propiedad",Excelente,1,1,Localidades,"San Bernardo",1,1,Operación,Venta,1,1,Propiedad,Departamento,1,1,Servicios,"Calefacción, Camaras de Seguridad, Electricidad, Gas natural",1,1,,,,,,,,,,,,,,,,,,,,,,,,,,,,
8977,simple,,,"Departamento | Joaquin v. Gonzalez N° 666| San Bernardo",1,0,visible,,"Hermoso departamento de 2 ambientes en excelente estado, ubicado a solo 6 cuadras del mar. La propiedad cuenta con cochera cubierta, gas natural y una antigüedad de 10 años, lo que garantiza una construcción moderna y bien mantenida.\n\nSe vende totalmente amoblado, listo para ingresar sin necesidad de realizar ninguna inversión adicional.\nAmbientes luminosos, cómodos y en estado impecable, ideales tanto para vivienda permanente como para renta temporaria.\n\nUna opción segura, práctica y bien ubicada para disfrutar de la costa. ¡Listo para mudarte!",,,taxable,,1,,,0,0,,,,,0,,,,Venta,,,,,,,,,,,,0,,Ambientes,"Balcon, Baño, Cochera, Cocina, Dormitorio, Lavadero, Parrilla, Quincho",1,1,Operación,Venta,1,1,"Estado de Propiedad",Excelente,1,1,Localidades,"San Bernardo",1,1,Propiedad,Departamento,1,1,"Venta en Dolares","50.000 a 100.000",1,1,,,,,,,,,,,,,,,,,,,,,,,,,,,,,,,,
9002,simple,,,"Departamento | Av. San Bernardo N° 250| San Bernardo",1,0,visible,,"¡Excelente oportunidad en San Bernardo!\n\nCómodo monoambiente ubicado en una zona inmejorable, a solo 250 metros del mar y en pleno centro, con todos los comercios, servicios y actividades a pocos pasos.\n\nLa unidad se encuentra en un 1° piso por escalera y se vende amoblada, lista para disfrutar o rentar desde el primer día. Ambiente luminoso, bien distribuido y con todo lo necesario para una estadía práctica y confortable.\n\nEscucha Propuestas de Contado efectivo!",,,taxable,,1,,,0,0,,,,,0,,,,Venta,,,,,,,,,,,,0,,"Venta en Dolares","Hasta 40.000",1,1,Localidades,"San Bernardo",1,1,"Estado de Propiedad","Muy bueno",1,1,Operación,Venta,1,1,Propiedad,Departamento,1,1,Ambientes,"Balcon, Baño, Cocina-comedor, Dormitorio",1,1,"Cantidad de ambientes",1,1,1,,,,,,,,,,,,,,,,,,,,,,,,,,,,
9024,simple,,,"Departamento |La Rioja N° 1956| San Bernardo",1,1,visible,,"¡Excelente oportunidad en San Bernardo!\nHermoso departamento de 3 ambientes ubicado en una zona inmejorable: a solo 3 cuadras del mar y 2 cuadras del centro comercial, ideal para disfrutar de la playa y de todos los servicios sin necesidad de usar el auto.\n\nLa unidad cuenta con:\n\nCochera cubierta incluida\n\nAmplio living-comedor con buena luminosidad\n\nCocina independiente\n\n2 dormitorios confortables\n\nBaño completo\n\nGas natural instalado, una gran ventaja para vivir todo el año\n\nPerfecto tanto para uso personal como para renta temporaria. ¡Listo para mudarte y disfrutar San Bernardo!",,,taxable,,1,,,0,0,,,,,0,,,,Venta,,,,,,,,,,,,0,,"Estado de Propiedad","Muy bueno",1,1,Localidades,"San Bernardo",1,1,Operación,Venta,1,1,Propiedad,Departamento,1,1,"Venta en Dolares","Hasta 50.000",1,1,Servicios,"Calefacción, Electricidad, Gas natural, Teléfono",1,1,Ambientes,"Baño, Cochera, Cocina-comedor, Dormitorios, Parrilla",1,1,,,,,,,,,,,,,,,,,,,,,,,,,,,,
9046,simple,,,"Departamento | Chiozza N°3347 | San Bernardo",1,0,visible,,"Departamento de 4 ambientes con todas las comodidades, posee en P.B amplio comedor con balcón al frente sobre calle Chiozza, cocina separada, baño completo, quincho cubierto con parrilla y lavadero totalmente vidriado con vista al mar, en P.A nos encontramos con un 2° baño completo mas amplio y 3 dormitorios de los cuales uno da la frente y 2 al contra-frente con vista parcial al mar.... todos poseen placard.\nEXCELENTE VISTA PANORÁMICA DESDE TODOS SUS PUNTOS.\n\nCONSULTANOS!",,,taxable,,1,,,0,0,,,,,0,,,,Venta,,,,,,,,,,,,0,,"Estado de Propiedad","Muy bueno",1,1,Operación,Venta,1,1,Localidades,"San Bernardo",1,1,Propiedad,Departamento,1,1,Dormitorios,3,1,1,"Venta en Dolares","50.000 a 100.000",1,1,Servicios,"Agua corriente, Ascensor, Electricidad, Gas natural",1,1,,,,,,,,,,,,,,,,,,,,,,,,,,,,
9075,simple,,,"Local | Chiozza N°2153 | San Bernardo",1,0,visible,,"LOCAL EN GALERIA CASAMAR - Chiozza 2153\n\nLocal en galería a pasos de la peatonal.-\nExpensas bajas.-\n24 m2 con 20 m2 en planta baja y entrepiso de 4 m2\nIdeal oficina o rubro comercial.-\n\nCONSULTANOS!",,,taxable,,1,,,0,0,,,,,0,,,,Venta,,,,,,,,,,,,0,,"Estado de Propiedad","Muy bueno",1,1,Localidades,"San Bernardo",1,1,Operación,Venta,1,1,Propiedad,Local,1,1,"Venta en Dolares","HASTA 30.000",1,1,,,,,,,,,,,,,,,,,,,,,,,,,,,,,,,,,,,,
9089,simple,,,"Departamento | Tucumán N° 4423  | Costa Azul",1,1,visible,,"Moderno departamento de 3 ambientes en planta baja ubicado en Costa Azul, con tan solo 1 año de antigüedad.\nLa propiedad cuenta con un luminoso living-comedor, cocina integrada, dos cómodos dormitorios, baño completo, lavadero y parrilla individual, ideal para disfrutar en familia o con amigos.\nAdemás, posee espacio vehicular propio, brindando comodidad y seguridad.\n\nUbicado en una zona tranquila y de fácil acceso, a solo 7 cuadras del mar, este departamento combina confort moderno y excelente ubicación, perfecto tanto para vivienda permanente como para descanso en la costa.\n\nCONSULTANOS!\n\n&nbsp;",,,taxable,,1,,,0,0,,,,,0,,,,Venta,,,,,,,,,,,,0,,"Estado de Propiedad",Excelente,1,1,Localidades,"Costa Azul",1,1,Operación,Venta,1,1,Propiedad,Departamento,1,1,Ambientes,"Cochera, Cocina-comedor, Lavadero, Parrilla, Patio",1,1,"Venta en Dolares","Hasta 40.000",1,1,,,,,,,,,,,,,,,,,,,,,,,,,,,,,,,,
9108,simple,,,"Inversión | Santa Fe N° 132 | Lucila del Mar",1,0,visible,,"Venta en Bloque de 3 triplex en Lucila del Mar A solo 150 mts de la Playa\n\nExcelente oportunidad de inversión. Se venden 3 dúplex en bloque, ubicados a solo 150 metros del mar y muy próximos al reconocido Pinar de La Lucila, en una zona tranquila, arbolada y de alta demanda turística.\n\nCada unidad se encuentra en muy buen estado, con ambientes luminosos y funcionales.\nGas natural conectado\nEspacio guarda-coche individual\nSe venden totalmente amoblados, listos para habitar o alquilar\nConstrucción sólida y bien mantenida\n\nIdeal para inversores, familias que buscan un complejo propio para uso vacacional, o quienes desean desarrollar un emprendimiento turístico en una ubicación privilegiada.\n\nNo te pierdas esta oportunidad única de adquirir un conjunto de propiedades con excelente rentabilidad y a pasos del mar.",,,taxable,,1,,,0,0,,,,,0,,,,Venta,,,,,,,,,,,,0,,Propiedad,Inversión,1,1,Operación,Venta,1,1,"Estado de Propiedad","Muy bueno",1,1,Localidades,"La Lucila",1,1,"Venta en Dolares","100.000 a 200.000",1,1,Servicios,"Agua corriente, Calefacción, Electricidad, Gas natural",1,1,,,,,,,,,,,,,,,,,,,,,,,,,,,,,,,,
9131,simple,,,"Inversión | Neuquén N° 908 | Lucila del Mar",1,0,visible,,"Propiedad en esquina ubicada en La Lucila del Mar (Neuquén y Chaco), compuesta por dos chalets independientes y un departamento monoambiente, todos amoblados. Lote único y no subdividido.\n\nCaracterísticas del Lote\n\nSup. total: 438 m²\n\nSup. cubierta: 173.34 m²\n\nSup. semicubierta: 24.36 m² (cochera)\n\nPerímetro cercado, entradas peatonal y vehicular independientes\n\nPatio central con césped y cochera semicubierta\n\nSistema de alarma y rejas\n\nDistribución\n\nChalet 1: Living-comedor, 2 dormitorios, baño completo + 1 dormitorio en planta alta.\nChalet 2: Independiente, similar al principal (diferente distribución).\nMonoambiente: Ideal para huéspedes o renta.\n\nIdeal para\n\nInversión, renta turística o dos familias.",,,taxable,,1,,,0,0,,,,,0,,,,Venta,,,,,,,,,,,,0,,Operación,Venta,1,1,"Estado de Propiedad",Excelente,1,1,Localidades,"La Lucila",1,1,Propiedad,Inversión,1,1,"Venta en Dolares","100.000 a 200.000",1,1,Ambientes,"Baño, Cochera, Cocina, Comedor, Dormitorios, Lavadero, Parrilla, Patio",1,1,"Cantidad de ambientes",3,1,1,,,,,,,,,,,,,,,,,,,,,,,,,,,,
9161,simple,,,"Casa | Duhau N° 40 | Costa Azul",1,0,visible,,"Excelente PH de 4 ambientes a tan solo 50 metros del mar, en una ubicación ideal para disfrutar de la playa todo el año. La propiedad ofrece un amplio y luminoso living-comedor con cocina integrada, gas natural, 1 baño completo, y dos patios delantero y trasero perfectos para reuniones, descanso y actividades al aire libre.\n\nAdemás, cuenta con lavadero independiente, una gran ventaja para uso familiar o para quienes buscan una propiedad práctica y funcional.\n\nUna oportunidad única por ubicación, comodidad y potencial de renta.",,,taxable,,1,,,0,0,,,,,0,,,,Venta,,,,,,,,,,,,0,,"Venta en Dolares","50.000 a 100.000",1,1,"Estado de Propiedad",Bueno,1,1,Localidades,"Costa Azul",1,1,Operación,Venta,1,1,Dormitorios,3,1,1,Propiedad,Casa,1,1,,,,,,,,,,,,,,,,,,,,,,,,,,,,,,,,
9182,simple,,,"Inversión | Chaco esq. Neuquén | Lucila del Mar",1,0,visible,,"Propiedad en Esquina con Gran Potencial La Lucila del Mar!\n\n&nbsp;\n\n¡Excelente oportunidad en ubicación estratégica! Esta propiedad combina un amplio lote en esquina con una vivienda ya construida y amoblada, ideal para ingresar de inmediato o para desarrollar un proyecto de ampliación o construcción adicional.\n\nUbicación\n\nLocalidad: La Lucila del Mar Partido de La Costa\n\nDirección: Esquina Neuquén y Chaco (antes calle Salta)\n\nEntorno: Zona tranquila, de fácil acceso y con excelente orientación\n\nFicha Técnica\n\nTipo de Propiedad: Casa/Departamento sobre lote propio\n\nSuperficie del Lote: 396,75 m² (medidas irregulares por ochava)\n\nSuperficie Cubierta: Aprox. 70 m²\n\nAmbientes: Departamento de 3 ambientes amplios\n\nOrientación: Frente al Oeste (Chaco) y al Sur (Neuquén)\n\nDocumentación: Escritura + Informe de Obra / Plano de obra nueva adjunto\n\nDescripción de la Vivienda\n\nConstrucción: Departamento de 3 ambientes\n\nEstado: Muy buen estado\n\nSe entrega amoblada\n\nSituación registral:\n\nEscritura con descripción del lote\n\nIncluye plano municipal de Obra Nueva destinada a Vivienda Unifamiliar (Exp. 161683/8), un gran beneficio para validar o regularizar los metros construidos\n\nEl Terreno\n\nLote en esquina con excelente potencial.\n\nFrente sobre calle Chaco: 23,75 m\n\nFrente sobre calle Neuquén: 12 m\n\nOchava: 4,24 m\n\nLateral Norte: 15 m\n\nFondo Este: 26,75 m\n\nAmplio espacio libre ideal para:\nQuincho\nPileta\nParque\nConstrucción de nuevas unidades\n\nIdeal para:\n\nVivienda permanente o de temporada\n\nEmprendimiento turístico\n\nProyecto de ampliación o nuevas construcciones",,,taxable,,1,,,0,0,,,,,0,,,,Venta,,,,,,,,,,,,0,,"Estado de Propiedad",Excelente,1,1,Localidades,"La Lucila",1,1,Dormitorios,2,1,1,Operación,Venta,1,1,Propiedad,Inversión,1,1,Moneda,USD,1,1,"Venta en Dolares","50.000 a 100.000",1,1,,,,,,,,,,,,,,,,,,,,,,,,,,,,
9226,simple,,,"Departamento| Mitre N° 2530| San Bernardo",1,0,visible,,"Hermoso departamento de 2 ambientes ubicado a solo 5 cuadras del mar, en una zona tranquila y de gran crecimiento. La propiedad cuenta con gas natural instalado, lo que asegura mayor confort y bajo consumo durante todo el año.\n\nSe vende totalmente amoblado, listo para entrar a vivir o destinar a renta temporaria. El departamento es luminoso, funcional y con buena circulación de aire.\n\nEl edificio ofrece parrillas de uso común, ideales para disfrutar en familia o con amigos.\n\nExcelente ubicación: a solo 2 cuadras del supermercado Disco, cercano a comercios, transporte y todos los servicios necesarios.\n\nUna oportunidad perfecta para quienes buscan un espacio cómodo, práctico y cerca de la playa.\n\nCONSULTANOS!",,,taxable,,1,,,0,0,,,,,0,,,,Venta,,,,,,,,,,,,0,,"Estado de Propiedad","Muy bueno",1,1,Localidades,"San Bernardo",1,1,Operación,Venta,1,1,Propiedad,Departamento,1,1,"Venta en Dolares","Hasta 40.000",1,1,Ambientes,"Baño, Cocina, Comedor, Dormitorio, Parrilla",1,1,,,,,,,,,,,,,,,,,,,,,,,,,,,,,,,,
9250,simple,,,"Local| La Rioja N° 2435 | San Bernardo",1,0,visible,,"Oportunidad de Venta! Local Comercial a 3 cuadras del mar San Bernardo\n\nSe vende excelente local comercial ubicado a tan solo 3 cuadras del mar, en una zona de gran circulación peatonal y vehicular. El inmueble cuenta con un amplio entrepiso, ideal para destinar a oficina, depósito o área de atención, ofreciendo versatilidad para distintos tipos de emprendimientos.\n\nCaracterísticas del local:\n\nUbicación estratégica cercana a la playa y al centro\n\nAmplio entrepiso funcional para uso comercial u oficina\n\nBuena iluminación y distribución\n\nApto para diversos rubros\n\nUna inversión ideal para quienes buscan un espacio bien ubicado, versátil y con gran potencial en San Bernardo.\n\nCONSULTANOS!",,,taxable,,1,,,0,0,,,,,0,,,,Venta,,,,,,,,,,,,0,,Operación,Venta,1,1,"Estado de Propiedad","Muy bueno",1,1,Localidades,"San Bernardo",1,1,Propiedad,Local,1,1,"Venta en Dolares","HASTA 30.000",1,1,Baños,1,1,1,Servicios,"Agua corriente, Camaras de Seguridad, Electricidad",1,1,,,,,,,,,,,,,,,,,,,,,,,,,,,,
9359,simple,,,"Departamento | San Juan N° 2035 | San Bernardo",1,0,visible,,"San Juan 2035 4° D - JANO I\n\nDOS AMBIENTES A ESTRENAR CON COCHERA CUBIERTA .-\n\nA una cuadra del centro comercial y dos del mar.\n\n- AMPLIO LIVING COMEDOR.-\n-COCINA SEPARADA.-\n- BAÑO COMPLETO.-\n- DORMITORIO CON PLACARD EMPOTRADO.-\n- BALCON CORRIDO.-\n- COCHERA CUBIERTA.-\n*Horno empotrado, anafe instalado, y aire acondicionado en living comedor.-\n\nConsultanos para mas información!!",,,taxable,,1,,,0,0,,,,,0,,,,Venta,,,,,,,,,,,,0,,Ambientes,"Balcon, Baño, Cochera, Cocina, Dormitorio",1,1,"Estado de Propiedad",Excelente,1,1,Localidades,"San Bernardo",1,1,Operación,Venta,1,1,Propiedad,Departamento,1,1,"Venta en Dolares","50.000 a 100.000",1,1,"Cantidad de ambientes",2,1,1,,,,,,,,,,,,,,,,,,,,,,,,,,,,
9414,simple,,,"Departamento | Costanera N° 1860 | San Bernardo",1,0,visible,,"epartamento de 3 ambientes frente al mar con cochera Edificio Neco II\n\nExcelente departamento de 3 ambientes en dúplex, ubicado en 4° piso sobre calle Costanera, con balcón al frente y vista directa al mar.\n\nLa propiedad se desarrolla en dos plantas y cuenta con cochera cubierta. Dispone de living-comedor, cocina equipada con gas natural, dos dormitorios y dos baños (uno completo y un baño de servicio).\n\nEdificio Neco II, con destacada ubicación frente a la Costanera, a metros de la playa y con fácil acceso a servicios y comercios.\n\nIdeal para vivienda permanente, uso vacacional o inversión.\n\nCONSULTANOS!",,,taxable,,1,,,0,0,,,,,0,,,,Venta,,,,,,,,,,,,0,,"Estado de Propiedad",Excelente,1,1,Localidades,"San Bernardo",1,1,Operación,Venta,1,1,Propiedad,Departamento,1,1,"Venta en Dolares","100.000 a 200.000",1,1,Servicios,"Agua corriente, Ascensor, Calefacción, Electricidad, Gas natural, Seguridad, Teléfono",1,1,,,,,,,,,,,,,,,,,,,,,,,,,,,,,,,,
9481,simple,,,"Departamento | San Juan N° 3169 | San Bernardo",1,0,visible,,"Departamento 2 ambientes en venta Excelente ubicación\n\nDepartamento de 2 ambientes ubicado a solo 2 cuadras del mar, en tercer piso, muy luminoso, con balcón al frente, ideal para disfrutar del entorno y la cercanía a la costa.\n\nLa unidad se encuentra en muy buen estado general y se vende totalmente amoblada, lista para habitar o para renta. Cuenta con cochera descubierta, lo que suma comodidad y practicidad.\n\nExcelente opción tanto para vivienda permanente, uso vacacional o inversión, en una zona de fácil acceso y cercana a la playa.",,,taxable,,1,,,0,0,,,,,0,,,,Venta,,,,,,,,,,,,0,,Operación,Venta,1,1,"Estado de Propiedad","Muy bueno",1,1,Localidades,"San Bernardo",1,1,Propiedad,Departamento,1,1,"Venta en Dolares","Hasta 50.000",1,1,Ambientes,"Balcon, Baulera, Cochera, Cocina-comedor, Dormitorio",1,1,Servicios,"Agua corriente, Ascensor, Electricidad, Teléfono",1,1,"Cantidad de ambientes",2,1,1,,,,,,,,,,,,,,,,,,,,,,,,
9519,simple,,,"Departamento | Santiago del Estero N° 3842 | Costa Azul",1,1,visible,,"EMPRENDIMIENTO DE DEPARTAMENTOS DE 3 AMBIENTES EN PLANTA BAJA Y PRIMER PISO SUPER AMPLIOS!!!!\nEl complejo esta compuesto de 6 unidades funcionales la cual esta distribuida de la siguiente manera una Torre al frente con 2 departamentos de 3 ambientes y la otra torre en el contrafrente con 4 departamentos de 3 ambientes, los departamentos en primer piso tienen terraza privada.\n\nUBICACIÓN\nSe encuentra ubicado en calle Santiago del estero 3842, entre drago y Ramos Mejia, Costa Azul\nA 550 metros de la Panadería Bruno.\nA 600 metros del Supermercado Rinaldi.\nA 550 metros de la Farmacia Acosta.\nA 2 cuadras y media de la plaza de Costa Azul!\nA 700 metros del Mar!!!\n\nZona residencial tranquila\n\nDEPARTAMENTOS DE 3 AMBIENTES PLANTA BAJA AL FRENTE CON:\nCOCINA INTEGRADA\nLIVING-COMEDOR\n2 DORMITORIOS\nBAÑO COMPLETO\nPATIO CON PARRILLA Y LAVADERO\nESPACIO VEHICULAR\n\nDEPARTAMENTOS DE 3 AMBIENTES PRIMER PISO AL FRENTE CON:\nCOCINA INTEGRADA\nLIVING-COMEDOR\n2 DORMITORIOS\nBAÑO COMPLETO\nBALCÓN CON PARRILLA Y LAVADERO\nESPACIO VEHICULAR\n\nSERVICIOS:\nAgua de pozo\nCloacas\n\nLAS UNIDADES SE ENTREGA CON:\nMesada\nBajo Mesada\nArtefactos en Baño\n\nTermotanque Eléctrico\n\nUNIDADES FUNCIONALES:\n\nTORRE DE EN FRENTE\nPLANTA BAJA 3AMB -----------------------USD 45.000 -----------------\nPRIMER PISO 3 AMB ----------------------- USD 50.000 ---------------\n\nFECHA DE ENTREGA MARZO 2026\n\n60% AL BOLETO Y EL RESTO FINANCIADO EN CUOTAS A CONVENIR\n\nEscuchamos tu propuesta\nFinanciamos cuotas en pocos meses a convenir\n\nCONSULTANOS!",,,taxable,,1,,,0,0,,,,,0,,,,Venta,,,,,,,,,,,,0,,Operación,Venta,1,1,Propiedad,Departamento,1,1,"Estado de Propiedad","En Costrucción",1,1,Localidades,"Costa Azul",1,1,Dormitorios,2,1,1,"Venta en Dolares","Hasta 50.000",1,1,"Cantidad de ambientes",3,1,1,,,,,,,,,,,,,,,,,,,,,,,,,,,,
9620,simple,,,"Departamento | San Juan N° 4755 | Lucila del Mar",1,0,visible,,"En alquiler anual departamento monoambiente ubicado en P.B a 2 cuadras del mar, con cocina separada, lavadero, baño, dormitorio integrado, espacio guarda-coche, parque y parrillas de uso comun.\nGAS ENVASADO.\nForma de ajuste: Mensual por IPC (Índice de Precios al Consumidor)\nTiempo de duración del contrato: 2 (dos) años\n\nREQUISITOS:\n\nGarantía: Propietaria (Debe acreditar ser propietaria de un inmueble dentro de la Provincia de Buenos Aires, mediante la presentación de copia del título de propiedad y con los informes pertinentes)\nEl inquilino debe presentar: recibo de sueldo (con antigüedad y monto suficiente para que pueda demostrar solvencia para el alquiler y los gastos mensuales) y DNI\n\n1 Mes de depósito en garantia\n1 Mes por adelantado\n1 Mes de Honorarios a la inmobiliaria\nEXPENSAS A CARGO DEL INQUILINO",,,taxable,,1,,,0,0,,,,,0,,,,Alquiler,,,,,,,,,,,,0,,Ambientes,"Baño, Cochera, Cocina, Lavadero, Parrilla",1,1,Propiedad,Departamento,1,1,"Estado de Propiedad",Bueno,1,1,Localidades,"La Lucila",1,1,Operación,Alquiler,1,1,,,,,,,,,,,,,,,,,,,,,,,,,,,,,,,,,,,,
9643,simple,,,"Casa | Dardo Rocha N° 469 | Costa Azul",1,1,visible,,"Hermosa casa en lote propio, desarrollada en dos plantas, ubicada en Costa Azul, a solo 4 cuadras del mar.\nCon 10 años de antigüedad, la propiedad se encuentra en muy buen estado y cuenta con gas natural.\n\nDispone de 2 dormitorios, 2 baños completos, y ambientes amplios y luminosos.\nEn el exterior se destaca un cómodo parque con pileta, parrilla y espacio ideal para el disfrute al aire libre.\n\nLa casa se encuentra lista para habitar o generar renta desde el primer día.\nIdeal tanto para vivienda permanente, casa de descanso o inversión turística en una excelente zona costera.\n\nCONSULTANOS!",,,taxable,,1,,,0,0,,,,,0,,,,Venta,,,,,,,,,,,,0,,Operación,Venta,1,1,"Estado de Propiedad",Excelente,1,1,Localidades,"Costa Azul",1,1,Propiedad,Casa,1,1,Moneda,USD,1,1,"Venta en Dolares","100.000 a 200.000",1,1,,,,,,,,,,,,,,,,,,,,,,,,,,,,,,,,
9683,simple,,,"Departamento | Mensajerias N° 110 | San Bernardo",1,1,visible,,"Excelente departamento tipo duplex de 3 ambientes a 100mts de calle Costanera y en pleno centro de San Bernardo ubicado en 2° piso por escalera, el mismo cuenta con cocina, amplio comedor, balcónY baño completo en P.B, en P.A nos podemos encontrar con 2 dormitorios, baño completo con ducha y terraza con vista parcial al mar.\n\nLA UNIDAD SE VENDE TOTALMENTE AMOBLADA.\nEL EDIFICIO CUENTA CON PARRILLAS Y DISPONE DE TODOS LOS SERVICIOS (GAS NATURAL)\n\nIMPERDIBLE OPRTUNIDAD, CONSULTANOS!",,,taxable,,1,,,0,0,,,,,0,,,,Venta,,,,,,,,,,,,0,,Ambientes,"Balcon, Baño, Comedor, Dormitorios, Parrilla, Terraza",1,1,Operación,Venta,1,1,"Estado de Propiedad",Excelente,1,1,Localidades,"San Bernardo",1,1,Propiedad,Departamento,1,1,"Venta en Dolares","50.000 a 100.000",1,1,"Cantidad de ambientes",3,1,1,,,,,,,,,,,,,,,,,,,,,,,,,,,,
9769,simple,,,"Lote | Av. Libertador N° 1055 | Mar De Ajo",1,0,visible,,"Amplio terreno de 170mts² en el ingreso a Mar de Ajo!\n\n&nbsp;\n\nLote de 750 m² (15 x 50) ubicado en el ingreso a la localidad de Mar de Ajó, en una zona de alto movimiento comercial y gran proyección.\nSu entorno se destaca por la cercanía a centros comerciales, servicios y principales arterias, lo que lo convierte en una oportunidad ideal tanto para desarrollo comercial como para inversión.\n\nGracias a sus amplias dimensiones y ubicación privilegiada, ofrece múltiples posibilidades de construcción y excelente visibilidad.\n\nSuperficie: 750 m²\nMedidas: 15 x 50 m\nZona: Comercial / Ingreso a Mar de Ajó\n\nCONSULTANOS!",,,taxable,,1,,,0,0,,,,,0,,,,Venta,,,,,,,,,,,,0,,Localidades,"Mar de Ajó",1,1,Operación,Venta,1,1,Propiedad,Lote,1,1,Moneda,USD,1,1,"Venta en Dolares","100.000 a 200.000",1,1,,,,,,,,,,,,,,,,,,,,,,,,,,,,,,,,,,,,
9777,simple,,,"Duplex |  Santiago del Estero N° 255 | Mar De Ajo",1,1,visible,,"Dúplex en venta Barrio San Rafael | A 6 cuadras del mar\n\nExcelente dúplex ubicado en el tranquilo y buscado Barrio San Rafael, a solo 6 cuadras del mar. Ideal tanto para vivienda permanente como para inversión turística.\n\nLa propiedad se vende totalmente amoblada y cuenta con una distribución funcional y cómoda:\n\n2 dormitorios\n\nCocinacomedor integrada, luminosa\n\n1 baño completo\n\nLavadero independiente\n\nEn el exterior se destaca su amplio patio, perfecto para disfrutar al aire libre, con parrilla, ideal para reuniones y momentos en familia.\n\nEntorno residencial, de fácil acceso y cercano a la costa, combinando tranquilidad y comodidad.\n\nUna excelente oportunidad para quienes buscan espacio, confort y cercanía al mar.\n\nConsultanos!!!",,,taxable,,1,,,0,0,,,,,0,,,,Venta,,,,,,,,,,,,0,,Operación,Venta,1,1,Localidades,"Mar de Ajó",1,1,Dormitorios,2,1,1,"Estado de Propiedad",Excelente,1,1,Propiedad,Duplex,1,1,Moneda,USD,1,1,"Venta en Dolares","50.000 a 100.000",1,1,,,,,,,,,,,,,,,,,,,,,,,,,,,,
9816,simple,,,"Casa|  San Juan N° 2030 | San Bernardo",1,0,visible,,"Casa en venta Centro de San Bernardo, a 2 cuadras del mar\n\nExcelente oportunidad para vivienda permanente, casa de veraneo o inversión. Casa ubicada en pleno centro de San Bernardo, a solo 2 cuadras del mar, con acceso inmediato a comercios, transporte y servicios.\n\nLa propiedad cuenta con:\n\n2 dormitorios\n\nBaño completo\n\nCocina\n\nComedor\n\nAdemás, dispone de un quincho ideal para reuniones y encuentros familiares, con baño de servicio, aportando mayor comodidad.\n\nEl frente de la vivienda posee rejas, brindando seguridad y tranquilidad.\n\nPor su ubicación privilegiada, es una propiedad ideal tanto para uso familiar como para renta turística.\n\nConsultanos para más información o coordinar una visita.",,,taxable,,1,,,0,0,,,,,0,,,,Venta,,,,,,,,,,,,0,,"Estado de Propiedad",Bueno,1,1,Localidades,"San Bernardo",1,1,Operación,Venta,1,1,Propiedad,Casa,1,1,"Venta en Dolares","200.000 a 300.000",1,1,Dormitorios,2,1,1,Servicios,"Agua corriente, Gas natural, Internet, Vídeo cable",1,1,,,,,,,,,,,,,,,,,,,,,,,,,,,,
9835,simple,,,"Departamento|  San Juan N° 1500 | San Bernardo",1,0,visible,,"Alquiler anual Departamento 3 ambientes en San Bernardo\n\nSe ofrece en alquiler anual departamento de 3 ambientes, ubicado a solo 2 cuadras del mar y próximo al centro de San Bernardo, en una zona cómoda y de fácil acceso a comercios y servicios.\n\nLa unidad se encuentra en primer piso por escalera y se alquila amoblada, lista para habitar. Cuenta con una distribución funcional y ambientes bien iluminados.\n\nLivingcomedor\n\nCocina equipada\n\n2 dormitorios\n\n1 baño completo\n\nGas envasado\n\nIdeal para quienes buscan vivir todo el año cerca del mar, en un entorno tranquilo y bien ubicado.\n\nRequisitos de ingreso:\n\n1 mes de alquiler por adelantado\n\n1 mes de depósito en garantía\n\n1 mes de honorarios inmobiliarios\n\nGarantía de propietario (sin excepción)\n\nConsultanos para más información o para coordinar una visita.",,,taxable,,1,,,0,0,,,,,0,,,,Alquiler,,,,,,,,,,,,0,,"Estado de Propiedad","Muy bueno",1,1,Localidades,"San Bernardo",1,1,Operación,Alquiler,1,1,Propiedad,Departamento,1,1,Dormitorios,2,1,1,,,,,,,,,,,,,,,,,,,,,,,,,,,,,,,,,,,,
